Beobachtung;Entwicklungsbereich;Teilbereich;Unterbereich;Ziel;Alter;Impuls oder Aktivität
Das Kind malt ein Bild mit vielen Farben und Formen.;Ästhetik und Gestaltung;Bildnerisches Gestalten;Bildnerisches Gestalten;Förderung der Kreativität und des Ausdrucks;3+ Jahre;Freies Malen mit verschiedenen Materialien, Farbexperimente, Malen nach Musik, Gestalten von Mandalas, Ausstellungen besuchen.
Das Kind singt ein Lied und erfindet eigene Strophen.;Ästhetik und Gestaltung;Musik;Musikalische Früherziehung;Förderung der musikalischen Kreativität und des Rhythmusgefühls;4+ Jahre;Singen von Liedern, Instrumente ausprobieren, eigene Lieder erfinden, Musik-Memory, Tanzspiele.
Das Kind spielt eine Szene aus einem Märchen nach.;Ästhetik und Gestaltung;Theaterspiel;Rollenspiel;Förderung der Fantasie und des sozialen Miteinanders;5+ Jahre;"Märchen nachspielen, Handpuppen-Theater, Verkleiden, Improvisationstheater, Schattentheater, Kreispiel ""Ich bin in den Brunnen gefallen""."
Das Kind formt Figuren aus Ton oder Knete.;Ästhetik und Gestaltung;Kunst;Plastisches Gestalten;Förderung der Feinmotorik und des räumlichen Denkens;3+ Jahre;Arbeiten mit Ton, Knete, Salzteig, Modellieren nach Vorlage, freies Gestalten, Töpfern.
Das Kind tanzt zu Musik und erfindet eigene Bewegungen.;Ästhetik und Gestaltung;Musik;Bewegung und Tanz;Förderung des Körpergefühls und der Koordination;4+ Jahre;Freies Tanzen, Tanzspiele, Choreografien nachahmen, Tanzen mit Tüchern, Bewegungslieder.
Das Kind gestaltet ein Bühnenbild für ein Theaterstück.;Ästhetik und Gestaltung;Theaterspiel;Bühnenbildgestaltung;Förderung der Kreativität und des räumlichen Vorstellungsvermögens;5+ Jahre;Bauen von Kulissen, Malen von Hintergründen, Gestalten mit verschiedenen Materialien, Licht- und Schattenspiele.
Das Kind malt ein Selbstporträt.;Ästhetik und Gestaltung;Bildnerisches Gestalten;Selbstwahrnehmung;Förderung des Selbstbewusstseins und der Identitätsentwicklung;4+ Jahre;Spiegelspiele, Fotos anschauen, über sich selbst sprechen, Malen nach Vorlage, freies Gestalten.
Das Kind spielt ein Instrument und lernt Noten kennen.;Ästhetik und Gestaltung;Musik;Instrumentenkunde;Förderung der musikalischen Fähigkeiten und des Notenverständnisses;5+ Jahre;Instrumente ausprobieren, Noten lesen lernen, einfache Lieder spielen, Musikspiele, Konzerte besuchen.
Das Kind erfindet eine eigene Geschichte und spielt sie vor.;Ästhetik und Gestaltung;Theaterspiel;Erzählen und Darstellen;Förderung der Fantasie und der sprachlichen Fähigkeiten;5+ Jahre;"Geschichten erzählen, Rollenspiele, Improvisationstheater, Puppenspiele, Kreispiel ""Ich bin in den Brunnen gefallen""."
Das Kind singt im Chor und lernt mehrstimmige Lieder.;Ästhetik und Gestaltung;Musik;Chorisches Singen;Förderung des Gemeinschaftsgefühls und der musikalischen Fähigkeiten;5+ Jahre;Singen von Liedern, Kanons, mehrstimmigen Liedern, Musikspiele, Konzerte besuchen.
Das Kind spielt ein Rollenspiel und schlüpft in verschiedene Rollen.;Ästhetik und Gestaltung;Theaterspiel;Rollenspiel;Förderung der Empathie und des sozialen Miteinanders;5+ Jahre;"Rollenspiele, Improvisationstheater, Puppenspiele, Märchen nachspielen, Kreispiel ""Ich bin in den Brunnen gefallen""."
Das Kind gestaltet ein Gemeinschaftsbild.;Ästhetik und Gestaltung;Bildnerisches Gestalten;Gemeinschaftsarbeit;Förderung der Zusammenarbeit und des sozialen Miteinanders;4+ Jahre;Gemeinsames Malen, Collagen gestalten, Wandbilder malen, Projekte planen und durchführen.
Das Kind hört verschiedene Musikstücke und erkennt Instrumente.;Ästhetik und Gestaltung;Musik;Musik hören und verstehen;Förderung der musikalischen Wahrnehmung und des Instrumentenverständnisses;5+ Jahre;Musik hören, Instrumente erkennen, Musikspiele, Konzerte besuchen, Klanggeschichten.
Das Kind spielt ein Theaterstück vor Publikum.;Ästhetik und Gestaltung;Theaterspiel;Aufführung;Förderung des Selbstbewusstseins und der Bühnenpräsenz;6+ Jahre;"Theaterstücke einstudieren, Bühnenbilder gestalten, Kostüme entwerfen, vor Publikum auftreten, Kreispiel ""Ich bin in den Brunnen gefallen""."
Das Kind malt mit Fingerfarben.;Ästhetik und Gestaltung;Bildnerisches Gestalten;Freies Malen;Förderung der sensorischen Wahrnehmung und der Kreativität;3+ Jahre;Malen mit Fingerfarben, Schwämmen, Pinseln, Naturmaterialien, Farbexperimente, freies Gestalten.
Das Kind spielt Rhythmusinstrumente und lernt Rhythmen kennen.;Ästhetik und Gestaltung;Musik;Rhythmik;Förderung des Rhythmusgefühls und der Koordination;4+ Jahre;Rhythmusinstrumente spielen, Rhythmusspiele, Bewegungslieder, Bodypercussion, Klanggeschichten.
Das Kind erfindet eine eigene Figur und spielt sie im Theater.;Ästhetik und Gestaltung;Theaterspiel;Figurentheater;Förderung der Fantasie und der kreativen Gestaltung;5+ Jahre;Handpuppen-Theater, Schattentheater, Marionetten-Theater, Figurenbau, Improvisationstheater.
Das Kind gestaltet ein Fensterbild mit Transparentpapier.;Ästhetik und Gestaltung;Bildnerisches Gestalten;Fenstergestaltung;Förderung der Kreativität und des Umgangs mit Licht und Farbe;4+ Jahre;Gestalten mit Transparentpapier, Fensterbilder malen, Collagen kleben, Licht- und Schattenspiele.
Das Kind spielt ein Improvisationstheater ohne Vorlage.;Ästhetik und Gestaltung;Theaterspiel;Improvisationstheater;Förderung der Spontanität und der kreativen Gestaltung;6+ Jahre;"Improvisationstheater, Rollenspiele, Szenen entwickeln, Geschichten erzählen, Kreispiel ""Ich bin in den Brunnen gefallen""."
Das Kind gestaltet ein Mosaik aus Papier oder Fliesen.;Ästhetik und Gestaltung;Kunst;Mosaikgestaltung;Förderung der Feinmotorik und des räumlichen Denkens;5+ Jahre;Mosaike kleben, Fliesen legen, Muster gestalten, Vorlagen verwenden, freies Gestalten.
Das Kind spielt ein Musikquiz und erkennt verschiedene Musikstücke.;Ästhetik und Gestaltung;Musik;Musikwissen;Förderung des musikalischen Gedächtnisses und des Musikverständnisses;6+ Jahre;Musikquiz, Musik-Memory, Instrumente erkennen, Komponisten kennenlernen, Konzerte besuchen.
Das Kind spielt ein Schattentheater mit selbstgebastelten Figuren.;Ästhetik und Gestaltung;Theaterspiel;Schattentheater;Förderung der Fantasie und der kreativen Gestaltung;6+ Jahre;Schattentheater-Figuren basteln, Bühnenbild gestalten, Geschichten erzählen, Licht- und Schattenspiele.
Das Kind gestaltet ein Relief aus Pappmaché.;Ästhetik und Gestaltung;Kunst;Reliefgestaltung;Förderung der räumlichen Vorstellungskraft und der handwerklichen Fähigkeiten;6+ Jahre;Pappmaché herstellen, Reliefs formen, Gegenstände abformen, Vorlagen verwenden, freies Gestalten.
Das Kind spielt ein Klangspiel mit Alltagsgegenständen.;Ästhetik und Gestaltung;Mmusik;Klangexperimente;Förderung der musikalischen Kreativität und des Umgangs mit Klängen;5+ Jahre;Klangspiele mit Alltagsgegenständen, Instrumente bauen, Geräusche erzeugen, Klanggeschichten, Musikspiele.
Das Kind spielt ein Rollenspiel mit selbstgebastelten Kostümen.;Ästhetik und Gestaltung;Theaterspiel;Kostümgestaltung;Förderung der Kreativität und der Verwandlungsfähigkeit;6+ Jahre;"Kostüme basteln, Verkleiden, Rollenspiele, Improvisationstheater, Kreispiel ""Ich bin in den Brunnen gefallen""."
Das Kind gestaltet ein Windspiel aus Naturmaterialien.;Ästhetik und Gestaltung;Kunst;Windspielgestaltung;Förderung der Kreativität und des Umweltbewusstseins;5+ Jahre;Sammeln von Naturmaterialien, Windspiele bauen, Geräusche erzeugen, Naturbeobachtungen, Land Art.
Das Kind spielt oder singt eine Filmszene mit Gesang und Schauspiel nach.;Ästhetik und Gestaltung;Theaterspiel;Musiktheater;Förderung der musikalischen und darstellerischen Fähigkeiten;7+ Jahre;Musiktheaterstücke einstudieren
Das Kind vermeidet es, Bilder zu malen oder zu zeichnen.;Ästhetik und Gestaltung;Bildnerisches Gestalten;Bildnerisches Gestalten;Förderung der Freude am Gestalten und des Selbstvertrauens;4+ Jahre;"Fingerfarben anbieten, große Papierbögen auslegen, Malen mit Naturmaterialien, Geschichten malen, gemeinsames Malen, Kreispiel ""Katz und Maus""."
Das Kind zeigt wenig Interesse an Musik und reagiert kaum auf Melodien.;Ästhetik und Gestaltung;Musik;Musikalische Früherziehung;Förderung der musikalischen Wahrnehmung und des Interesses an Musik;4+ Jahre;Verschiedene Musikrichtungen vorspielen, Instrumente vorstellen, Musikspiele spielen, Klanggeschichten erzählen, gemeinsames Singen.
Das Kind zeigt wenig Interesse am Gestalten von Bühnenbildern oder Kulissen.;Ästhetik und Gestaltung;Bildnerisches Gestalten;Bühnenbildgestaltung;Förderung der Kreativität und des räumlichen Vorstellungsvermögens;5+ Jahre;Einfache Bühnenbilder gestalten lassen, Materialien vorstellen, gemeinsames Bauen, Licht- und Schattenspiele.
Das Kind malt immer nur das Gleiche und zeigt wenig Fantasie.;Ästhetik und Gestaltung;Bildnerisches Gestalten;Kreativität;Förderung der Fantasie und des Ausdrucks;4+ Jahre;Bilderbücher anschauen, Geschichten erzählen, Malen nach Musik, verschiedene Materialien anbieten, Ausstellungen besuchen.
Das Kind hat Schwierigkeiten, Melodien oder Rhythmen zu erkennen und nachzuspielen.;Ästhetik und Gestaltung;Musik;Musik hören und verstehen;Förderung der musikalischen Wahrnehmung und des Rhythmusgefühls;5+ Jahre;Einfache Melodien vorspielen, Rhythmusspiele, Instrumente vorstellen, Musik-Memory, Klanggeschichten.
Das Kind wirkt unsicher beim Erzählen von Geschichten und beim Darstellen von Rollen.;Ästhetik und Gestaltung;Theaterspiel;Erzählen und Darstellen;Förderung der sprachlichen Fähigkeiten und des Selbstvertrauens;5+ Jahre;"Einfache Geschichten erzählen lassen, Rollenspiele mit klaren Vorgaben, Puppenspiele, Märchen nachspielen, Kreispiel ""Katz und Maus""."
Das Kind hat Schwierigkeiten, im Chor mitzusingen und sich an Lieder zu erinnern.;Ästhetik und Gestaltung;Musik;Chorisches Singen;Förderung der musikalischen Fähigkeiten und des Gedächtnisses;5+ Jahre;Einfache Lieder singen, Lieder wiederholen, Musikspiele, gemeinsames Singen, Konzerte besuchen.
Das Kind wirkt unsicher beim Schlüpfen in verschiedene Rollen und beim Interagieren mit anderen.;Ästhetik und Gestaltung;Theaterspiel;Rollenspiel;Förderung der Empathie und des sozialen Miteinanders;5+ Jahre;"Einfache Rollenspiele mit klaren Vorgaben, Puppenspiele, Märchen nachspielen, Kreispiel ""Katz und Maus""."
Das Kind hat Schwierigkeiten, Instrumente zu erkennen und deren Klänge zu unterscheiden.;Ästhetik und Gestaltung;Musik;Instrumentenkunde;Förderung der musikalischen Wahrnehmung und des Instrumentenverständnisses;5+ Jahre;Instrumente vorstellen, Musik-Memory, Klanggeschichten, Konzerte besuchen, Musikspiele.
Das Kind wirkt unsicher beim Erfinden von Figuren und beim Spielen im Theater.;Ästhetik und Gestaltung;Theaterspiel;Figurentheater;Förderung der Fantasie und der kreativen Gestaltung;5+ Jahre;"Einfache Handpuppen-Theater, Schattentheater, Puppenspiele, Kreispiel ""Katz und Maus""."
Das Kind zeigt wenig Interesse an der Gestaltung von Fensterbildern und wirkt ungeschickt.;Ästhetik und Gestaltung;Bildnerisches Gestalten;Fenstergestaltung;Förderung der Kreativität und des Umgangs mit Materialien;4+ Jahre;Einfache Fensterbilder gestalten lassen, verschiedene Materialien vorstellen, gemeinsames Gestalten.
Das Kind wirkt unsicher beim Improvisationstheater und hat Schwierigkeiten, spontan zu reagieren.;Ästhetik und Gestaltung;Theaterspiel;Improvisationstheater;Förderung der Spontanität und der kreativen Gestaltung;6+ Jahre;"Einfache Improvisationsübungen, Rollenspiele mit klaren Vorgaben, Kreispiel ""Katz und Maus""."
Das Kind hat Schwierigkeiten, Mosaike zu gestalten und wirkt ungeduldig.;Ästhetik und Gestaltung;Bildnerisches Gestalten;Mosaikgestaltung;Förderung der Feinmotorik und des räumlichen Denkens;5+ Jahre;Einfache Mosaikvorlagen anbieten, verschiedene Materialien vorstellen, gemeinsames Gestalten.
Das Kind hat Schwierigkeiten, Musikstücke zu erkennen und wirkt unaufmerksam.;Ästhetik und Gestaltung;Musik;Musikwissen;Förderung des musikalischen Gedächtnisses und des Musikverständnisses;6+ Jahre;Einfache Musikquizspiele, Musik-Memory, Instrumente vorstellen, Konzerte besuchen.
Das Kind hat Schwierigkeiten, Klangspiele zu spielen und wirkt unaufmerksam.;Ästhetik und Gestaltung;Musik;Klangexperimente;Förderung der musikalischen Kreativität und des Umgangs mit Klängen;5+ Jahre;Einfache Klangspiele mit Alltagsgegenständen, Instrumente vorstellen, Klanggeschichten, Musikspiele.
Das Kind wirkt unsicher beim Spielen mit Kostümen und hat Schwierigkeiten, sich zu verwandeln.;Ästhetik und Gestaltung;Theaterspiel;Kostümgestaltung;Förderung der Kreativität und der Verwandlungsfähigkeit;6+ Jahre;"Einfache Kostüme anbieten, Verkleiden, Rollenspiele mit klaren Vorgaben, Kreispiel ""Katz und Maus""."
Das Kind reagiert kaum auf unterschiedliche Rhythmen in der Musik.;Ästhetik und Gestaltung;Musik;Rhythmik;Förderung des Rhythmusgefühls und der musikalischen Wahrnehmung;5+ Jahre;Rhythmusspiele mit Klatsch und Stampfen, Rhythmusinstrumente spielen, Bewegungslieder, Tanzspiele, Klanggeschichten.
Das Kind zeigt wenig Interesse an Rollenspielen mit vorgegebenen Rollen.;Ästhetik und Gestaltung;Theaterspiel;Rollenverständnis;Förderung des Rollenverständnisses und der sozialen Interaktion;6+ Jahre;"Rollenspiele mit klaren Vorgaben, Puppenspiele, Märchen nachspielen, Kreispiel ""Gehet durch die goldne Brücke""."
Das Kind reagiert kaum auf unterschiedliche Tonhöhen in der Musik.;Ästhetik und Gestaltung;Musik;Melodieverständnis;Förderung des Melodieverständnisses und der musikalischen Wahrnehmung;6+ Jahre;Melodien nachsingen, Instrumente nach Tonhöhe ordnen, Musik-Memory, Klanggeschichten.
Das Kind zeigt wenig Interesse an der Gestaltung von Bühnenbildern mit verschiedenen Elementen.;Ästhetik und Gestaltung;Bildnerisches Gestalten;Bühnenbildgestaltung;Förderung des räumlichen Vorstellungsvermögens und der Kreativität;7+ Jahre;Bühnenbilder mit verschiedenen Materialien gestalten, Kulissen bauen, Licht- und Schattenspiele.
Das Kind malt Bilder ohne Bezug zur Realität und zeigt wenig Interesse an Details.;Ästhetik und Gestaltung;Bildnerisches Gestalten;Realitätsbezug;Förderung des Realitätsbezugs und der Beobachtungsgabe;5+ Jahre;Naturmaterialien abmalen, Gegenstände nach Vorlage malen, Bilderbücher anschauen, Ausstellungen besuchen.
Das Kind hat Schwierigkeiten, einfache Melodien nachzuspielen und wirkt unmusikalisch.;Ästhetik und Gestaltung;Musik;Instrumentenspiel;Förderung der instrumentalen Fähigkeiten und des Notenverständnisses;6+ Jahre;Einfache Instrumente ausprobieren, Noten lesen lernen, Lieder nachspielen, Musikspiele.
Das Kind zeigt wenig Interesse an der Darstellung von Figuren und Charakteren im Theater.;Ästhetik und Gestaltung;Theaterspiel;Figurendarstellung;Förderung der darstellerischen Fähigkeiten und der Empathie;7+ Jahre;Puppenspiele, Schattentheater, Figurenbau, Improvisationstheater.
Das Kind hat Schwierigkeiten, Farben zu mischen und wirkt ungeduldig.;Ästhetik und Gestaltung;Bildnerisches Gestalten;Farbverständnis;Förderung des Farbverständnisses und der Feinmotorik;5+ Jahre;Farbexperimente, Farbkreise malen, Malen mit verschiedenen Farben, Collagen gestalten.
Das Kind reagiert kaum auf unterschiedliche Klangfarben in der Musik.;Ästhetik und Gestaltung;Musik;Klangfarbenverständnis;Förderung des Klangfarbenverständnisses und der musikalischen Wahrnehmung;6+ Jahre;Instrumente nach Klangfarbe ordnen, Musik-Memory, Klanggeschichten, Konzerte besuchen.
Das Kind zeigt wenig Interesse an der Gestaltung von Kostümen und wirkt ungeschickt.;Ästhetik und Gestaltung;Theaterspiel;Kostümgestaltung;Förderung der kreativen Gestaltung und der Feinmotorik;7+ Jahre;"Kostüme basteln, Verkleiden, Rollenspiele mit Kostümen, Kreispiel ""Gehet durch die goldne Brücke""."
Das Kind malt Bilder ohne Bezug zu Raum und Perspektive.;Ästhetik und Gestaltung;Bildnerisches Gestalten;Raumverständnis;Förderung des Raumverständnisses und der räumlichen Vorstellungskraft;6+ Jahre;Perspektivisches Zeichnen, Raumpläne malen, Collagen gestalten, Ausstellungen besuchen.
Das Kind zeigt wenig Interesse an der Gestaltung von Masken und wirkt unkreativ.;Ästhetik und Gestaltung;Kunst;Maskengestaltung;Förderung der kreativen Gestaltung und der Verwandlungsfähigkeit;7+ Jahre;"Masken basteln, Rollenspiele mit Masken, Schattentheater, Kreispiel ""Gehet durch die goldne Brücke""."
Das Kind reagiert kaum auf unterschiedliche Tempi in der Musik.;Ästhetik und Gestaltung;Musik;Tempoverständnis;Förderung des Tempoverständnisses und der musikalischen Wahrnehmung;7+ Jahre;Musikstücke mit unterschiedlichem Tempo vorspielen, Bewegungslieder, Rhythmusspiele.
Das Kind malt Bilder ohne Bezug zu Licht und Schatten.;Ästhetik und Gestaltung;Bildnerisches Gestalten;Licht- und Schattenverständnis;Förderung des Licht- und Schattenverständnisses und der Beobachtungsgabe;7+ Jahre;Licht- und Schattenspiele, Malen mit Licht und Schatten, Collagen gestalten, Ausstellungen besuchen.
Das Kind hat Schwierigkeiten, Musikstücke zu improvisieren und wirkt unkreativ.;Ästhetik und Gestaltung;Musik;Musikimprovisation;Förderung der musikalischen Kreativität und des Selbstvertrauens;7+ Jahre;Freie Improvisation mit Instrumenten, Klanggeschichten, Musikspiele.
Das Kind reagiert kaum auf unterschiedliche Dynamik in der Musik.;Ästhetik und Gestaltung;Musik;Dynamikverständnis;Förderung des Dynamikverständnisses und der musikalischen Wahrnehmung;7+ Jahre;Musikstücke mit unterschiedlicher Dynamik vorspielen, Bewegungslieder, Klanggeschichten.
Das Kind zeigt wenig Interesse an der Gestaltung von Bühnenmodellen und wirkt unkreativ.;Ästhetik und Gestaltung;Theaterspiel;Bühnenmodellbau;Förderung der räumlichen Vorstellungskraft und der kreativen Gestaltung;7+ Jahre;Bühnenmodelle aus verschiedenen Materialien bauen, Kulissen gestalten, Licht- und Schattenspiele.
Das Kind malt Bilder ohne Bezug zu Bewegung und Dynamik.;Ästhetik und Gestaltung;Bildnerisches Gestalten;Bewegungsdarstellung;Förderung der Bewegungsdarstellung und der Beobachtungsgabe;7+ Jahre;Bewegungsstudien, Malen nach Musik, Collagen gestalten, Ausstellungen besuchen.
Das Kind hat Schwierigkeiten, Musikstücke zu komponieren und wirkt unkreativ.;Ästhetik und Gestaltung;Musik;Musikkomposition;Förderung der musikalischen Kreativität und des Selbstvertrauens;7+ Jahre;Einfache Musikstücke komponieren, Lieder schreiben, Musikspiele.
Das Kind zeigt wenig Interesse an der Gestaltung von Schattentheaterfiguren und wirkt ungeschickt.;Ästhetik und Gestaltung;Theaterspiel;Schattentheaterfiguren;Förderung der kreativen Gestaltung und der Feinmotorik;7+ Jahre;Schattentheaterfiguren basteln, Bühnenbild gestalten, Licht- und Schattenspiele.
Das Kind malt ausdauernd und mit viel Freude Bilder.;Ästhetik und Gestaltung;Bildnerisches Gestalten;Förderung der Kreativität und des Ausdrucks;4+ Jahre;"Freies Malen mit verschiedenen Materialien, Farbexperimente, Malen nach Musik, Gestalten von Mandalas, Ausstellungen besuchen, Kreispiel ""Katz und Maus"".";Steine bemalen mit Acrylstiften, Mandalas ausmalen, Malen mit Naturmaterialien (z.B. Blätter, Zweige), Malen mit Straßenmalkreide.
Das Kind singt oft und gerne Lieder und erfindet eigene Melodien.;Ästhetik und Gestaltung;Musik;Förderung der musikalischen Kreativität und des Rhythmusgefühls;4+ Jahre;Singen von Liedern, Instrumente ausprobieren, eigene Lieder erfinden, Musik-Memory, Tanzspiele.;Lieder mit Bewegungen begleiten, Musikinstrumente aus Alltagsgegenständen basteln, Musik-Bingo spielen, Musik-CDs gestalten.
Das Kind spielt oft Rollenspiele und erfindet eigene Geschichten.;Ästhetik und Gestaltung;Theaterspiel;Förderung der Fantasie und des sozialen Miteinanders;5+ Jahre;"Märchen nachspielen, Handpuppen-Theater, Verkleiden, Improvisationstheater, Schattentheater, Kreispiel ""Katz und Maus"".";"Verkleidungskiste anlegen, Rollenspiele mit Handpuppen, Schattentheater mit selbstgebastelten Figuren, Kreispiel ""Gehet durch die goldne Brücke""."
Das Kind tanzt gerne zu Musik und erfindet eigene Bewegungen.;Ästhetik und Gestaltung;Musik;Förderung des Körpergefühls und der Koordination;4+ Jahre;Freies Tanzen, Tanzspiele, Choreografien nachahmen, Tanzen mit Tüchern, Bewegungslieder.;Tanz mit Tüchern, Tanz zu verschiedenen Musikstilen, Bewegungsspiele mit Bällen, Tanz mit Rhythmusinstrumenten.
Das Kind gestaltet gerne Bühnenbilder und Kulissen für Theaterstücke.;Ästhetik und Gestaltung;Theaterspiel;Förderung der Kreativität und des räumlichen Vorstellungsvermögens;5+ Jahre;Bauen von Kulissen, Malen von Hintergründen, Gestalten mit verschiedenen Materialien, Licht- und Schattenspiele.;Bühnenbild mit Naturmaterialien gestalten, Kulissen aus Kartons bauen, Bühnenbild mit Lichteffekten gestalten, Schattentheater-Bühne bauen.
Das Kind malt gerne Selbstporträts und betrachtet sich im Spiegel.;Ästhetik und Gestaltung;Bildnerisches Gestalten;Förderung des Selbstbewusstseins und der Identitätsentwicklung;4+ Jahre;Spiegelspiele, Fotos anschauen, über sich selbst sprechen, Malen nach Vorlage, freies Gestalten.;Foto-Collage gestalten, Handabdruck-Bilder malen, Schattenbilder von sich selbst malen, Freundschaftsbänder knüpfen.
Das Kind spielt gerne Instrumente und lernt schnell neue Lieder.;Ästhetik und Gestaltung;Musik;Förderung der musikalischen Fähigkeiten und des Notenverständnisses;5+ Jahre;Instrumente ausprobieren, Noten lesen lernen, einfache Lieder spielen, Musikspiele, Konzerte besuchen.;Instrumente aus Alltagsgegenständen bauen, Musik-Memory mit Instrumenten, Rhythmus-Karten spielen, Musik-Rätsel lösen.
Das Kind erfindet gerne Geschichten und spielt sie vor.;Ästhetik und Gestaltung;Theaterspiel;Förderung der Fantasie und der sprachlichen Fähigkeiten;5+ Jahre;"Geschichten erzählen, Rollenspiele, Improvisationstheater, Puppenspiele, Kreispiel ""Katz und Maus"".";Geschichten mit Reimen erzählen, Puppentheater mit selbstgebastelten Figuren, Geschichten mit Bildern erzählen, Geschichten mit Geräuschen untermalen.
Das Kind gestaltet gerne Mobiles aus Naturmaterialien.;Ästhetik und Gestaltung;Kunst;Förderung der Kreativität und des Umweltbewusstseins;4+ Jahre;Sammeln von Naturmaterialien, Gestalten mit Blättern, Steinen, Zweigen, Bauen von Mobiles, Land Art.;Windspiele aus Naturmaterialien basteln, Natur-Collagen gestalten, Natur-Mandala legen, Natur-Skulpturen bauen.
Das Kind singt gerne im Chor und lernt schnell neue Lieder.;Ästhetik und Gestaltung;Musik;Förderung des Gemeinschaftsgefühls und der musikalischen Fähigkeiten;5+ Jahre;Singen von Liedern, Kanons, mehrstimmigen Liedern, Musikspiele, Konzerte besuchen.;Lieder mit Bewegungen begleiten, Lieder mit Instrumenten begleiten, Lieder mit Bodypercussion begleiten, Lieder mit verschiedenen Sprachen singen.
Das Kind spielt gerne Rollenspiele und schlüpft in verschiedene Rollen.;Ästhetik und Gestaltung;Theaterspiel;Förderung der Empathie und des sozialen Miteinanders;5+ Jahre;"Rollenspiele, Improvisationstheater, Puppenspiele, Märchen nachspielen, Kreispiel ""Katz und Maus"".";Rollenspiele mit verschiedenen Emotionen, Rollenspiele mit verschiedenen Berufen, Rollenspiele mit verschiedenen Tieren, Rollenspiele mit verschiedenen Märchenfiguren.
Das Kind gestaltet gerne Gemeinschaftsbilder und arbeitet gerne mit anderen zusammen.;Ästhetik und Gestaltung;Bildnerisches Gestalten;Förderung der Zusammenarbeit und des sozialen Miteinanders;4+ Jahre;Gemeinsames Malen, Collagen gestalten, Wandbilder malen, Projekte planen und durchführen.;Gemeinschaftsbilder mit verschiedenen Techniken malen, Gemeinschafts-Skulpturen bauen, Gemeinschafts-Mosaike legen, Gemeinschafts-Landart-Projekte gestalten.
Das Kind hört gerne Musik und erkennt Instrumente.;Ästhetik und Gestaltung;Musik;Förderung der musikalischen Wahrnehmung und des Instrumentenverständnisses;5+ Jahre;Musik hören, Instrumente erkennen, Musikspiele, Konzerte besuchen, Klanggeschichten.;Musik-Memory mit Instrumenten, Instrumenten-Rätsel lösen, Instrumente nach Klangfarbe ordnen, Musik-CDs gestalten.
Das Kind spielt gerne Theaterstücke vor Publikum.;Ästhetik und Gestaltung;Theaterspiel;Förderung des Selbstbewusstseins und der Bühnenpräsenz;6+ Jahre;"Theaterstücke einstudieren, Bühnenbilder gestalten, Kostüme entwerfen, vor Publikum auftreten, Kreispiel ""Katz und Maus"".";Theaterstücke mit verschiedenen Rollen spielen, Theaterstücke mit verschiedenen Genres spielen, Theaterstücke mit verschiedenen Sprachen spielen, Theaterstücke mit verschiedenen Themen spielen.
Das Kind malt gerne mit Fingerfarben und experimentiert mit Farben.;Ästhetik und Gestaltung;Bildnerisches Gestalten;Förderung der sensorischen Wahrnehmung und der Kreativität;3+ Jahre;Malen mit Fingerfarben, Schwämmen, Pinseln, Naturmaterialien, Farbexperimente, freies Gestalten.;Fingerfarben mit verschiedenen Materialien mischen, Fingerfarben auf verschiedenen Untergründen auftragen, Fingerfarben-Bilder mit verschiedenen Techniken gestalten, Fingerfarben-Bilder mit verschiedenen Themen gestalten.
Das Kind spielt gerne Rhythmusinstrumente und erfindet eigene Rhythmen.;Ästhetik und Gestaltung;Musik;Förderung des Rhythmusgefühls und der Koordination;4+ Jahre;Rhythmusinstrumente spielen, Rhythmusspiele, Bewegungslieder, Bodypercussion, Klanggeschichten.;Rhythmusspiele mit verschiedenen Materialien spielen, Rhythmusspiele mit verschiedenen Geschwindigkeiten spielen, Rhythmusspiele mit verschiedenen Lautstärken spielen, Rhythmusspiele mit verschiedenen Melodien spielen.
Das Kind erfindet gerne eigene Figuren und spielt sie im Theater.;Ästhetik und Gestaltung;Theaterspiel;Förderung der Fantasie und der kreativen Gestaltung;5+ Jahre;Handpuppen-Theater, Schattentheater, Marionetten-Theater, Figurenbau, Improvisationstheater.;Handpuppen aus verschiedenen Materialien basteln, Schattentheater mit verschiedenen Lichteffekten gestalten, Marionetten mit verschiedenen Bewegungen steuern, Figurentheater mit verschiedenen Themen spielen.
Das Kind gestaltet gerne Fensterbilder mit Transparentpapier.;Ästhetik und Gestaltung;Bildnerisches Gestalten;Förderung der Kreativität und des Umgangs mit Licht und Farbe;4+ Jahre;Gestalten mit Transparentpapier, Fensterbilder malen, Collagen kleben, Licht- und Schattenspiele.;Fensterbilder mit verschiedenen Formen gestalten,
Das Kind zeigt Interesse an verschiedenen Instrumenten und probiert sie aus.;Ästhetik und Gestaltung;Musik;Förderung des Interesses an Musikinstrumenten;3+;Musikinstrumente basteln;Musikinstrumente ausprobieren, gemeinsames Musizieren, Musik-Rätsel lösen, Instrumente nach Klangfarbe ordnen
Das Kind experimentiert mit verschiedenen Materialien und erzeugt damit Klänge.;Ästhetik und Gestaltung;Musik;Förderung des experimentellen Umgangs mit Klängen;3+;Materialien als Klangkörper benutzen;Klangkörper aus Alltagsgegenständen bauen, Geräusche aufnehmen und abspielen, Klanggeschichten erfinden, Musikinstrumente mit verschiedenen Materialien bauen
Das Kind baut gerne mit verschiedenen Materialien und konstruiert Gegenstände.;Ästhetik und Gestaltung;Kunst;Förderung der Konstruktionsfähigkeit;4+;Fotos echter Bauwerke anbieten;Bauklötze bauen, Konstruktionsspiele mit verschiedenen Materialien, Baupläne erstellen, Bauwerke aus Naturmaterialien bauen
Das Kind malt und zeichnet gerne im Stehen oder Sitzen.;Ästhetik und Gestaltung;Kunst;Förderung der Freude am Malen und Zeichnen;3+;Papier auf Unterseite des Tisches kleben;Malen mit verschiedenen Stiften, Malen mit verschiedenen Farben, Malen auf verschiedenen Untergründen, Malen mit verschiedenen Techniken
Das Kind arbeitet gerne mit verschiedenen Farbmaterialien und Werkzeugen.;Ästhetik und Gestaltung;Kunst;Förderung der Materialerfahrung und der Werkzeugnutzung;4+;Schwamm, Stempel, Kartoffelstempel;Malen mit verschiedenen Pinseln, Malen mit verschiedenen Farben, Malen mit verschiedenen Materialien, Malen mit verschiedenen Techniken
Das Kind interessiert sich für verschiedene Verbindungsmethoden und -materialien.;Ästhetik und Gestaltung;Kunst;Förderung der Materialbearbeitungskompetenz;4+;Kleister herstellen, Bauen mit Klebeband;Kleben mit verschiedenen Klebstoffen, Kleben mit verschiedenen Materialien, Kleben mit verschiedenen Techniken, Kleben auf verschiedenen Untergründen
Das Kind bewegt sich gerne zu Klängen und Rhythmen und zeigt dabei verschiedene Bewegungen.;Ästhetik und Gestaltung;Musik;Förderung der rhythmischen Bewegung;3+;Zu Klängen und Rhythmen bewegen;Tanz mit Tüchern, Tanz zu verschiedenen Musikstilen, Bewegungsspiele mit Bällen, Tanz mit Rhythmusinstrumenten
Das Kind singt oder summt gerne beim Spielen oder Bewegen.;Ästhetik und Gestaltung;Musik;Förderung der Freude am Singen und Summen;3+;Kreisspiele, Singspiele;Lieder mit Bewegungen begleiten, Lieder mit Instrumenten begleiten, Lieder mit Bodypercussion begleiten, Lieder mit verschiedenen Sprachen singen
Das Kind versucht, neue Melodien oder Rhythmen zu erfinden.;Ästhetik und Gestaltung;Musik;Förderung der musikalischen Kreativität;4+;Freies Musizieren mit Orffinstrumenten;Eigene Lieder erfinden, eigene Rhythmen erfinden, eigene Melodien erfinden, eigene Musikstücke erfinden
Das Kind versucht, Rhythmen zu wiederholen und zu halten.;Ästhetik und Gestaltung;Musik;Förderung des Rhythmusgefühls;4+;Rhythmen wiederholen und halten;Rhythmusspiele mit Klatsch und Stampfen, Rhythmusinstrumente spielen, Bewegungslieder, Tanzspiele
Das Kind spielt nachahmende oder explorative Spiele.;Ästhetik und Gestaltung;Kunst;Förderung verschiedener Spielarten;2+;Verschiedene Spielarten ausprobieren;Rollenspiele, Konstruktionsspiele, Bewegungsspiele, Kreisspiele
Das Kind trägt gerne etwas vor oder hört und sieht lieber zu.;Ästhetik und Gestaltung;Theaterspiel;Förderung des Interesses an Präsentation;4+;Vorführen oder zuschauen;Vorlesen, Theaterstücke vorspielen, Musikstücke vorspielen, Kunstwerke präsentieren
Das Kind mag es, auf der Bühne zu sein.;Ästhetik und Gestaltung;Theaterspiel;Förderung des Interesses an Bühnenauftritten;4+;Auf der Bühne sein;Theaterstücke aufführen, Musikstücke aufführen, Kunstwerke präsentieren, Rollenspiele aufführen
Das Kind zeigt Interesse an Geräuschen in der natürlichen Umwelt.;Ästhetik und Gestaltung;Kunst;Förderung der auditiven Wahrnehmung;3+;Naturgeräusche beobachten;Geräusche aufnehmen, Geräusche nachahmen, Geräusche unterscheiden, Geräusche mit Instrumenten darstellen
Das Kind reagiert auf Musik mit Bewegung und Applaus.;Ästhetik und Gestaltung;Musik;Förderung der musikalischen Reaktion;3+;Auf Musik reagieren;Tanz mit Tüchern, Tanz zu verschiedenen Musikstilen, Bewegungsspiele mit Bällen, Tanz mit Rhythmusinstrumenten
Das Kind erkennt und benennt Lichtveränderungen im Raum.;Ästhetik und Gestaltung;Kunst;Förderung der visuellen Wahrnehmung;3+;Lichtveränderungen beobachten;Lichtspiele mit Taschenlampen, Lichtspiele mit Spiegeln, Lichtspiele mit Schatten, Lichtspiele mit Farben
Das Kind äußert Vorlieben für bestimmte Farben in verschiedenen Kontexten.;Ästhetik und Gestaltung;Kunst;Förderung der Farbwahrnehmung;3+;Farben benennen und zuordnen;Farbexperimente, Farbkreise malen, Farben mischen, Farbcollagen gestalten
Das Kind experimentiert mit verschiedenen Materialbeschaffenheiten.;Ästhetik und Gestaltung;Kunst;Förderung der taktilen Wahrnehmung;3+;Materialien erfühlen;Tastspiele, Fühlkisten, Materialcollagen, Materialbilder
Das Kind erzählt von künstlerischen Erfahrungen in der Familie.;Ästhetik und Gestaltung;Kunst;Förderung des Interesses an familiären künstlerischen Erfahrungen;4+;Familienerlebnisse erzählen;Familienfotos anschauen, Familienvideos anschauen, Familiengespräche über Kunst, Familienausflüge zu Kunstausstellungen
Das Kind erzeugt gerne Geräusche mit dem Körper.;Ästhetik und Gestaltung;Kunst;Förderung der auditiven Wahrnehmung und der Körperwahrnehmung;3+;Körpergeräusche erzeugen;Geräusche mit dem Mund erzeugen, Geräusche mit den Händen erzeugen, Geräusche mit den Füßen erzeugen, Geräusche mit dem Körper erzeugen
Das Kind äußert Staunen über Natur und Kultur.;Ästhetik und Gestaltung;Kunst;Staunen;Förderung der Fähigkeit, zu staunen und zu genießen;3+;Naturbeobachtungen, Museumsbesuche
Das Kind drückt seine Fantasie durch Malen, Basteln oder Spielen aus.;Ästhetik und Gestaltung;Bildnerisches Gestalten;Fantasie;Förderung der Fantasie und der Kreativität;3+;Freies Malen, Basteln, Rollenspiele
Das Kind ordnet Farben und Formen seinen Gefühlen zu.;Ästhetik und Gestaltung;Bildnerisches Gestalten;Emotionale Kompetenz;Förderung der emotionalen Kompetenz;4+;Malen mit Farben, die Gefühle ausdrücken
Das Kind nimmt Geräusche und Klänge in seiner Umgebung wahr.;Ästhetik und Gestaltung;Kunst;Wahrnehmung;Förderung der auditiven Wahrnehmung;3+;Geräuschewanderungen, Klangspiele
Das Kind erlebt Klänge, Geräusche und Stille bewusst.;Ästhetik und Gestaltung;Kunst;Achtsamkeit;Förderung der Achtsamkeit;3+;Stilleübungen, Klangmeditationen
Das Kind probiert verschiedene künstlerische Ausdrucksmittel aus.;Ästhetik und Gestaltung;Kunst;Ausdrucksmittel;Förderung der experimentellen Freude;3+;Malen, Basteln, Musizieren
Das Kind kennt und schätzt seine eigenen Ausdrucksformen.;Ästhetik und Gestaltung;Kunst;Selbstwahrnehmung;Förderung der Selbstwahrnehmung;4+;Präsentation eigener Werke
Das Kind drückt Gefühle durch Musik, Bilder oder Theater aus.;Ästhetik und Gestaltung;Bildnerisches Gestalten;Ausdruck;Förderung des expressiven Ausdrucks;4+;Musik machen, malen, Theater spielen
Das Kind entwickelt Freude am Singen, Tanzen und Bewegen zu Musik.;Ästhetik und Gestaltung;Musik;Musikalität;Förderung der musikalischen Freude;3+;Singen, tanzen, bewegen
Das Kind entwickelt Freude am Spielen, Darstellen und Sich-Verwandeln.;Ästhetik und Gestaltung;Theaterspiel;Rollenspiel;Förderung der Spielfreude;3+;Rollenspiele, Verkleidungen
Das Kind musiziert und bewegt sich selbstbewusst zu Rhythmen.;Ästhetik und Gestaltung;Musik;Selbstbewusstsein;Förderung des Selbstbewusstseins;4+;Musik machen, tanzen
Das Kind tauscht ästhetische Empfindungen mit anderen aus.;Ästhetik und Gestaltung;Kunst;Austausch;Förderung der Kommunikationsfähigkeit;4+;Gespräche über Kunstwerke
Das Kind teilt seine Fantasie mit anderen.;Ästhetik und Gestaltung;Kunst;Teilen;Förderung der sozialen Interaktion;3+;Gemeinsame Fantasiereisen
Das Kind lernt die Werke anderer Kinder und Erwachsener kennen.;Ästhetik und Gestaltung;Kunst;Wertschätzung;Förderung der Wertschätzung von Kunst;4+;Besuch von Ausstellungen
Das Kind beteiligt sich am gemeinsamen Musizieren.;Ästhetik und Gestaltung;Musik;Kooperation;Förderung der Kooperationsfähigkeit;4+;Gemeinsames Musizieren
Das Kind äußert, wenn es zu laut oder leise ist.;Ästhetik und Gestaltung;Musik;Selbstbehauptung;Förderung der Selbstbehauptung;4+;Gesprächskreise
Das Kind lernt Unterschiede im Material kennen.;Ästhetik und Gestaltung;Kunst;Materialerfahrung;Förderung der Materialerfahrung;3+;Materialspiele, Tastboxen
Das Kind lernt verschiedene Farben und Nuancen kennen.;Ästhetik und Gestaltung;Kunst;Farbverständnis;Förderung des Farbverständnisses;3+;Farbspiele, Malen
Das Kind nimmt Klänge in der Umgebung wahr.;Ästhetik und Gestaltung;Musik;Wahrnehmung;Förderung der auditiven Wahrnehmung;3+;Geräuschewanderungen
Das Kind nimmt Melodie, Rhythmus, Tonhöhe, Klangfarbe wahr.;Ästhetik und Gestaltung;Musik;Musikverständnis;Förderung des musikalischen Verständnisses;4+;Musik hören, Instrumente ausprobieren
Das Kind lernt verschiedene Materialien und deren Verwendungsmöglichkeiten kennen.;Ästhetik und Gestaltung;Kunst;Materialerfahrung;Förderung der Materialerfahrung;4+;Bastelprojekte, Werkstattbesuche
Das Kind lernt verschiedene Fügetechniken kennen.;Ästhetik und Gestaltung;Kunst;Handwerkliche Fähigkeiten;Förderung der handwerklichen Fähigkeiten;4+;Bauprojekte, Bastelprojekte
Das Kind bewegt sich phantasievoll zu Musik.;Ästhetik und Gestaltung;Musik;Bewegung;Förderung der rhythmischen Bewegung;3+;Tanzen, bewegen
Das Kind lernt Instrumente kennen und probiert sie aus.;Ästhetik und Gestaltung;Musik;Instrumentenkunde;Förderung des Interesses an Musikinstrumenten;4+;Instrumente ausprobieren
Das Kind entwickelt einen musikalischen Wortschatz.;Ästhetik und Gestaltung;Musik;Wortschatz;Förderung des musikalischen Wortschatzes;4+;Musik hören, Instrumente benennen
Das Kind äußert seine Gestaltungsabsichten und freut sich über wertschätzende Rückmeldungen.;Ästhetik und Gestaltung;Bildnerisches Gestalten;Selbstwirksamkeit;Förderung des Selbstbewusstseins und der Selbstwirksamkeit;4+;Gestaltungsabsichten wertschätzend begegnen
Das Kind arbeitet konzentriert an einem Gestaltungsprozess und hält sich an den Zeitrahmen.;Ästhetik und Gestaltung;Bildnerisches Gestalten;Ausdauer;Förderung der Ausdauer und der Konzentrationsfähigkeit;5+;Tägliche Zeiten für Gestaltungsprozesse einplanen
Das Kind experimentiert mit verschiedenen Materialien und entdeckt neue Gestaltungsmöglichkeiten.;Ästhetik und Gestaltung;Bildnerisches Gestalten;Materialerfahrung;Förderung der Materialerfahrung und der Kreativität;3+;Materialerfahrungen ermöglichen
Das Kind zeigt Interesse an der Arbeit von Künstlerinnen und Kunstpädagogen und stellt Fragen.;Ästhetik und Gestaltung;Bildnerisches Gestalten;Künstlerische Bildung;Förderung des Interesses an Kunst und Künstlern;5+;Künstlerinnen und Kunstpädagogen einbeziehen
Das Kind singt bei Pflegesituationen und zeigt Freude an der Musik.;Ästhetik und Gestaltung;Musik;Alltagskompetenz;Förderung der Freude an Musik im Alltag;2+;Alltägliche Pflegesituationen singend begleiten
Das Kind erkundet Klänge mit dem Körper und Alltagsgegenständen.;Ästhetik und Gestaltung;Musik;Klangwahrnehmung;Förderung der Klangwahrnehmung und der Kreativität;3+;Zeit zur individuellen Erkundung von Klängen geben
Das Kind singt Lieder mit Mimik und Gestik und zeigt dabei Freude.;Ästhetik und Gestaltung;Musik;Ausdruck;Förderung des musikalischen Ausdrucks;4+;Lieder mit Mimik und Gestik begleiten
Das Kind inszeniert Alltagshandlungen im Spiel und zeigt dabei Kreativität.;Ästhetik und Gestaltung;Theaterspiel;Rollenspiel;Förderung der Rollenspielfähigkeit und der Kreativität;4+;Alltagshandlungen inszenieren
Das Kind zeigt Freude an Kniereitern und bewegt sich rhythmisch.;Ästhetik und Gestaltung;Musik;Bewegung;Förderung der rhythmischen Bewegung;2+;Kniereiter
Das Kind erkennt verschiedene Klänge im Klangmemory.;Ästhetik und Gestaltung;Musik;Klangwahrnehmung;Förderung der auditiven Wahrnehmung;3+;Klangmemory
Das Kind experimentiert mit klingenden Materialien und entdeckt neue Klänge.;Ästhetik und Gestaltung;Musik;Klangkörper;Förderung der Klangwahrnehmung und der Kreativität;3+;Klingendes Material nutzen
Das Kind probiert verschiedene Instrumente aus und zeigt Interesse an Musik.;Ästhetik und Gestaltung;Musik;Instrumente;Förderung des Interesses an Musikinstrumenten;3+;Instrumente ausprobieren
Das Kind verkleidet sich und schlüpft in verschiedene Rollen.;Ästhetik und Gestaltung;Theaterspiel;Rollenspiel;Förderung der Rollenspielfähigkeit und der Fantasie;3+;Verkleidungsutensilien nutzen
Das Kind hinterlässt Fuß- und Handabdrücke und zeigt Interesse an Farben.;Ästhetik und Gestaltung;Bildnerisches Gestalten;Farberfahrung;Förderung der Farberfahrung und der Kreativität;2+;Fuß- und Handabdrücke hinterlassen
Das Kind stellt dar, wie ein Küken aus einem Ei schlüpft und zeigt dabei Kreativität.;Ästhetik und Gestaltung;Theaterspiel;Rollenspiel;Förderung der Rollenspielfähigkeit und der Kreativität;3+;"Theaterspiel ""Ein Vogel schlüpft aus"""
Das Kind drückt seine Lieblingsbeschäftigungen gestisch und mimisch aus.;Ästhetik und Gestaltung;Theaterspiel;Ausdruck;Förderung des expressiven Ausdrucks;3+;"Theaterspiel ""Ich bin ich"""
Das Kind stellt seine Träume im Spiel dar und zeigt dabei Fantasie.;Ästhetik und Gestaltung;Theaterspiel;Fantasie;Förderung der Fantasie und der Kreativität;4+;"Theaterspiel ""Ich bin ein Traum"""
Das Kind erkundet die Elemente Erde, Wasser, Feuer und Luft und stellt sie künstlerisch dar.;Ästhetik und Gestaltung;Bildnerisches Gestalten;Elementarerfahrung;Förderung der Elementarerfahrung und der Kreativität;5+;Elemente erkunden und darstellen
Das Kind malt mit verschiedenen Stiften und Pinseln und zeigt dabei Kreativität.;Ästhetik und Gestaltung;Bildnerisches Gestalten;Materialerfahrung;Förderung der Materialerfahrung und der Kreativität;3+;Mit Stiften und Pinseln malen
Das Kind stellt gesammelte Gegenstände aus und präsentiert sie in einem Museum.;Ästhetik und Gestaltung;Bildnerisches Gestalten;Präsentation;Förderung der Präsentationsfähigkeit und der Kreativität;5+;Museum des Krimskrams einrichten
Das Kind erkundet, welche Geräusche der Körper erzeugt und zeigt dabei Neugierde.;Ästhetik und Gestaltung;Musik;Körperwahrnehmung;Förderung der Körperwahrnehmung und der auditiven Wahrnehmung;3+;Welche Geräusche erzeugt mein Körper?
Das Kind äußert, in welcher Stimmung es welche Musik hören oder machen möchte.;Ästhetik und Gestaltung;Musik;Selbstwahrnehmung;Förderung der Selbstwahrnehmung und des musikalischen Geschmacks;4+;In welcher Stimmung welche Musik?
Das Kind erzählt, welche Musik die Eltern hören und zeigt Interesse an Musik.;Ästhetik und Gestaltung;Musik;Familienerfahrungen;Förderung des Interesses an Musik und Familienerfahrungen;4+;Welche Musik hören meine Eltern?
Das Kind inszeniert kleine Szenen und improvisiert zu Themen.;Ästhetik und Gestaltung;Theaterspiel;Rollenspiel;Förderung der Rollenspielfähigkeit und der Kreativität;4+;Kleine Inszenierungen und Improvisationen
Das Kind erfindet ein Hörspiel und zeigt dabei Fantasie und Kreativität.;Ästhetik und Gestaltung;Musik;Kreativität;Förderung der musikalischen Kreativität und der Erzählfähigkeit;5+;Ein Hörspiel erfinden
Das Kind gestaltet ein Atelier mit Farben und Papieren.;Ästhetik und Gestaltung;Bildnerisches Gestalten;Raumgestaltung;Förderung der Raumgestaltungskompetenz und der Kreativität;5+;Atelier einrichten
Das Kind nutzt verschiedene Materialien zum Gestalten und zeigt dabei Kreativität.;Ästhetik und Gestaltung;Bildnerisches Gestalten;Materialerfahrung;Förderung der Materialerfahrung und der Kreativität;3+;Materialien bereitstellen
Das Kind sammelt Schätze und präsentiert sie.;Ästhetik und Gestaltung;Bildnerisches Gestalten;Präsentation;Förderung der Präsentationsfähigkeit und der Kreativität;4+;Schätze sammeln und präsentieren
Das Kind experimentiert mit klingenden Natur- und Alltagsmaterialien.;Ästhetik und Gestaltung;Musik;Klangkörper;Förderung der Klangwahrnehmung und der Kreativität;3+;Klingendes Material zum Experimentieren
"Das Kind erzählt von ""Schätzen"", die es von zu Hause mitgebracht hat und zeigt sie anderen Kindern.";Ästhetik und Gestaltung;Kunst;Teilen;Förderung der sozialen Interaktion und des Teilens;3+;"""Schätze"" mitbringen lassen"
Das Kind zeigt Interesse an den musikalischen Vorlieben anderer Kinder und tauscht sich darüber aus.;Ästhetik und Gestaltung;Musik;Austausch;Förderung des Austauschs und der Akzeptanz verschiedener Musikgeschmäcker;4+;Musikalische Vorlieben anderer Kinder kennenlernen
Das Kind hört aufmerksam verschiedene Musikarten und -richtungen und äußert seine Eindrücke.;Ästhetik und Gestaltung;Musik;Hören;Förderung des bewussten Hörens und der musikalischen Wahrnehmung;4+;Regelmäßige Gelegenheiten zum bewussten Hören
Das Kind spielt gerne mit bestimmten Accessoires und erfindet damit Geschichten.;Ästhetik und Gestaltung;Theaterspiel;Fantasie;Förderung der Fantasie und der Kreativität;3+;Mit Accessoires spielen lassen
Das Kind erzählt von Lieblingsgeschichten und -büchern und zeigt Interesse an Literatur.;Ästhetik und Gestaltung;Kunst;Literatur;Förderung des Interesses an Literatur;3+;Lieblingsgeschichten/-bücher kennenlernen
Das Kind baut, töpfert, malt oder collagiert und zeigt dabei Freude an der Gestaltung.;Ästhetik und Gestaltung;Bildnerisches Gestalten;Kreativität;Förderung der Kreativität und der gestalterischen Fähigkeiten;3+;Verschiedene Gestaltungsmöglichkeiten anbieten
Das Kind bevorzugt bestimmte Materialien und zeigt Interesse an deren Eigenschaften.;Ästhetik und Gestaltung;Bildnerisches Gestalten;Materialerfahrung;Förderung der Materialerfahrung und der experimentellen Freude;3+;Verschiedene Materialien anbieten
Das jüngste Kind zeigt Vorlieben für bestimmte Aktivitäten und Materialien.;Ästhetik und Gestaltung;Bildnerisches Gestalten;Vorlieben;Förderung der individuellen Vorlieben und Interessen;2+;Vorlieben der jüngsten Kinder berücksichtigen
Das Kind nimmt an musikalischen Traditionen oder Ritualen teil und zeigt Interesse an deren Bedeutung.;Ästhetik und Gestaltung;Musik;Traditionen;Förderung des Interesses an musikalischen Traditionen und Ritualen;4+;Musikalische Traditionen/Rituale beobachten
Das Kind nimmt an musikalischen Aktivitäten teil, die von den Pädagoginnen und Pädagogen angeboten werden.;Ästhetik und Gestaltung;Musik;Aktivitäten;Förderung der Teilnahme an musikalischen Aktivitäten;3+;Musikalische Aktivitäten beobachten
Das Kind zeigt Interesse an Handwerkern oder Künstlern und stellt Fragen zu deren Arbeit.;Ästhetik und Gestaltung;Kunst;Berufe;Förderung des Interesses an künstlerischen Berufen;5+;Interesse an Handwerkern/Künstlern beobachten
Das Kind hört Musikern und Musikerinnen aus Familien zu und zeigt Interesse an deren Darbietungen.;Ästhetik und Gestaltung;Musik;Darbietungen;Förderung des Interesses an musikalischen Darbietungen;4+;Musiker/Musikerinnen aus Familien beobachten
Das Kind nimmt an speziellen Musik-, Kunst- und Theaterangeboten teil und zeigt dabei Freude.;Ästhetik und Gestaltung;Musik;Angebote;Förderung der Teilnahme an künstlerischen Angeboten;3+;Spezielle Angebote beobachten
"Das Kind bringt ""Schätze"" von zu Hause mit und erzählt von deren Bedeutung.";Ästhetik und Gestaltung;Kunst;Teilen;Förderung der sozialen Interaktion und des Teilens;3+;"""Schätze"" mitbringen lassen"
Das Kind tauscht sich mit anderen Kindern über ihre musikalischen Vorlieben aus.;Ästhetik und Gestaltung;Musik;Austausch;Förderung des Austauschs und der Akzeptanz verschiedener Musikgeschmäcker;4+;Musikalische Vorlieben anderer Kinder kennenlernen
Das Kind hört aufmerksam verschiedene Musikinstrumente und erkennt deren Klänge.;Ästhetik und Gestaltung;Musik;Hören;Förderung des bewussten Hörens und der musikalischen Wahrnehmung;4+;Regelmäßige Gelegenheiten zum bewussten Hören
Das Kind spielt mit Tüchern und baut damit Höhlen.;Ästhetik und Gestaltung;Theaterspiel;Fantasie;Förderung der Fantasie und der Kreativität;3+;Mit Accessoires spielen lassen
Das Kind betrachtet Bilderbücher und erzählt von den Geschichten.;Ästhetik und Gestaltung;Theaterspiel;Literatur;Förderung des Interesses an Literatur;3+;Lieblingsgeschichten/-bücher kennenlernen
Das Kind malt mit Fingerfarben und zeigt dabei Freude an der sinnlichen Erfahrung.;Ästhetik und Gestaltung;Bildnerisches Gestalten;Kreativität;Förderung der Kreativität und der gestalterischen Fähigkeiten;3+;Verschiedene Gestaltungsmöglichkeiten anbieten
Das Kind knetet Ton und formt daraus Figuren.;Ästhetik und Gestaltung;Bildnerisches Gestalten;Materialerfahrung;Förderung der Materialerfahrung und der experimentellen Freude;3+;Verschiedene Materialien anbieten
Das Kind entwickelt eigene künstlerische Ideen und motiviert andere, daran teilzunehmen.;Ästhetik und Gestaltung;Ich-Kompetenzen;Kreativität;Förderung der Kreativität und der Fähigkeit, andere zu begeistern;5+;Eigene Ideen entwickeln
Das Kind tauscht sich mit anderen Kindern über eigene Werke und die anderer aus.;Ästhetik und Gestaltung;Kunst;Kommunikation;Förderung der Kommunikationsfähigkeit und des Interesses an Kunst;4+;Über eigene Werke kommunizieren
Das Kind stellt gemeinsam mit anderen etwas her und gestaltet es.;Ästhetik und Gestaltung;Kunst;Kooperation;Förderung der Kooperationsfähigkeit und der Kreativität;4+;Gemeinsam etwas herstellen
Das Kind stellt eigene Geschichten und Erlebnisse szenisch vor.;Ästhetik und Gestaltung;Theaterspiel;Ausdruck;Förderung des expressiven Ausdrucks und der Erzählfähigkeit;5+;Eigene Geschichten szenisch vorstellen
Das Kind erkennt und schätzt die Ausdrucksformen anderer Menschen.;Ästhetik und Gestaltung;Kunst;Empathie;Förderung der Empathie und der Wertschätzung von Vielfalt;4+;Ausdrucksformen anderer Menschen bewusst werden
Das Kind tauscht ästhetische Urteile mit anderen aus und respektiert deren Meinungen.;Ästhetik und Gestaltung;Kunst;Kommunikation;Förderung der Kommunikationsfähigkeit und der Perspektivenübernahme;4+;Ästhetische Urteile austauschen
Das Kind tauscht sich über Wahrnehmungen, Gefühle und Bewertungen bezüglich künstlerischer Erlebnisse aus.;Ästhetik und Gestaltung;Kunst;Reflexion;Förderung der Reflexionsfähigkeit und der Perspektivenübernahme;4+;Über künstlerische Erlebnisse austauschen
Das Kind erkennt die künstlerischen Ausdrucksformen anderer Kinder. Es lobt die Bilder von anderen Kindern.;Ästhetik und Gestaltung;Kunst;Wertschätzung;Förderung der Wertschätzung von Vielfalt;4+;Künstlerische Ausdrucksformen anderer Kinder bewusst werden
Das Kind achtet jedes Kind mit seinen individuellen Ausdrucksmöglichkeiten.;Ästhetik und Gestaltung;Kunst;Inklusion;Förderung der Inklusion und der Wertschätzung von Individualität;4+;Jedes Kind achten
Das Kind stellt gemeinsam mit anderen etwas her und tauscht sich darüber aus.;Ästhetik und Gestaltung;Kunst;Kooperation;Förderung der Kooperationsfähigkeit und der Kommunikation;4+;Gemeinsam etwas herstellen und austauschen
Das Kind produziert gemeinsam mit anderen Tänze, Musik- und Theaterstücke.;Ästhetik und Gestaltung;Theaterspiel;Kooperation;Förderung der Kooperationsfähigkeit und der Kreativität;5+;Gemeinsam Tänze, Musik- und Theaterstücke produzieren
Das Kind stellt gemeinsam Szenen, Geschichten oder Ereignisse im Spiel dar.;Ästhetik und Gestaltung;Theaterspiel;Rollenspiel;Förderung der Rollenspielfähigkeit und der Kreativität;4+;Szenen im Spiel darstellen
Das Kind findet und benennt Gemeinsamkeiten und Unterschiede beim Werken/Gestalten/Arbeiten.;Ästhetik und Gestaltung;Kunst;Reflexion;Förderung der Reflexionsfähigkeit und der Fähigkeit, Gemeinsamkeiten und Unterschiede zu erkennen;4+;Gemeinsamkeiten und Unterschiede benennen
Das Kind drückt sich gemeinsam mit anderen phantasievoll in künstlerischen Tätigkeiten aus.;Ästhetik und Gestaltung;Kunst;Kreativität;Förderung der Kreativität und der Kooperationsfähigkeit;4+;Phantasievoll ausdrücken
Das Kind handhabt Werkzeuge sachgerecht.;Ästhetik und Gestaltung;Kunst;Handwerkliche Fähigkeiten;Förderung der handwerklichen Fähigkeiten und der Sicherheit;4+;Werkzeuge sachgerecht handhaben
Das Kind hält beim gemeinsamen Singen Rhythmus und Melodie entwicklungsangemessen ein.;Ästhetik und Gestaltung;Musik;Musikalische Fähigkeiten;Förderung der musikalischen Fähigkeiten und der Kooperationsfähigkeit;4+;Rhythmus und Melodie einhalten
Das Kind gestaltet Ausstellungen mit und zeigt dabei Kreativität.;Ästhetik und Gestaltung;Bildnerisches Gestalten;Präsentation;Förderung der Präsentationsfähigkeit und der Kreativität;5+;Ausstellungen selber gestalten
Das Kind betrachtet Kunst- und Bauwerke und tauscht sich darüber aus.;Ästhetik und Gestaltung;Kunst;Betrachtung;Förderung der Kunstbetrachtung und der Kommunikationsfähigkeit;5+;Zeiten für gemeinsame Betrachtung einräumen
Das Kind nimmt an musikalischen Ritualen teil und zeigt Interesse an deren Bedeutung.;Ästhetik und Gestaltung;Musik;Rituale;Förderung des Interesses an musikalischen Ritualen und der Gemeinschaft;4+;Musikalische Rituale nutzen
Das Kind hört bewusst Musikstücke und tauscht sich darüber aus.;Ästhetik und Gestaltung;Musik;Hören;Förderung des bewussten Hörens und der musikalischen Wahrnehmung;4+;Zeiten zum bewussten Hören einräumen
Das Kind musiziert gemeinsam mit Pädagogen oder Eltern und zeigt Freude an der Musik.;Ästhetik und Gestaltung;Musik;Kooperation;Förderung der Kooperationsfähigkeit und des Interesses an Musik;4+;Gemeinsam musizieren
Das Kind bewegt sich zur Musik und zeigt dabei Rhythmusgefühl.;Ästhetik und Gestaltung;Musik;Bewegung;Förderung des Rhythmusgefühls und der musikalischen Bewegung;3+;Nach Musik bewegen
Das Kind gestaltet Figuren mit dem Körper und lädt andere zum Raten ein.;Ästhetik und Gestaltung;Theaterspiel;Pantomime;Förderung der nonverbalen Kommunikation und der Fantasie;4+;Figuren mit dem Körper gestalten
Das Kind spielt Alltagsszenen nach und zeigt dabei Beobachtungsgabe.;Ästhetik und Gestaltung;Theaterspiel;Rollenspiel;Förderung der Beobachtungsgabe und der Rollenspielfähigkeit;4+;Alltagsszenen nachspielen
Das Kind baut mit verschiedenen Materialien und zeigt dabei Kreativität.;Ästhetik und Gestaltung;Bildnerisches Gestalten;Konstruktion;Förderung der Konstruktionsfähigkeit und der Kreativität;3+;Baustoffe anbieten
Das Kind fügt verschiedene Materialien zusammen und zeigt dabei handwerkliches Geschick.;Ästhetik und Gestaltung;Bildnerisches Gestalten;Materialbearbeitung;Förderung der handwerklichen Fähigkeiten und der Kreativität;4+;Fügematerialien und Werkzeuge anbieten
Das Kind experimentiert mit Lichtveränderungen und zeigt dabei Neugierde.;Ästhetik und Gestaltung;Bildnerisches Gestalten;Lichteffekte;Förderung der experimentellen Freude und der Neugierde;3+;Lichtveränderungen anregen
Das Kind spielt gemeinsam mit anderen Kindern auf Instrumenten und zeigt dabei Kooperationsfähigkeit.;Ästhetik und Gestaltung;Musik;Kooperation;Förderung der Kooperationsfähigkeit und des musikalischen Zusammenspiels;4+;Instrumente anbieten
Das Kind singt Kreislieder und tanzt und zeigt dabei Freude an der Bewegung.;Ästhetik und Gestaltung;Musik;Bewegung;Förderung der Freude an Bewegung und der musikalischen Interaktion;3+;Kreislieder und -tänze
Das Kind spielt Rhythmusspiele und zeigt dabei Rhythmusgefühl.;Ästhetik und Gestaltung;Musik;Rhythmus;Förderung des Rhythmusgefühls und der musikalischen Interaktion;3+;Rhythmusspiele im Kreis
Das Kind spielt Schattentheater und zeigt dabei Fantasie.;Ästhetik und Gestaltung;Theaterspiel;Schattentheater;Förderung der Fantasie und der Rollenspielfähigkeit;4+;Schattentheater
Das Kind zeigt selbst ausgesuchte Handlungen in Zeitlupe und zeigt dabei Kreativität.;Ästhetik und Gestaltung;Theaterspiel;Zeitlupe;Förderung der Kreativität und der Körperwahrnehmung;4+;>>Zeitlupenauftritte<<
Das Kind schneidet Grimassen und zeigt dabei Freude an der Mimik.;Ästhetik und Gestaltung;Theaterspiel;Mimik;Förderung der Mimik und der sozialen Interaktion;3+;>>Grimassenkreis<<
Das Kind macht eine Fotosafari und dokumentiert seine Umgebung.;Ästhetik und Gestaltung;Bildnerisches Gestalten;Dokumentation;Förderung der Dokumentationsfähigkeit und der Kreativität;5+;Fotosafari durch die Umgebung
Das Kind dokumentiert seinen Lieblingsplatz in der Kita.;Ästhetik und Gestaltung;Bildnerisches Gestalten;Dokumentation;Förderung der Dokumentationsfähigkeit und der Selbstwahrnehmung;5+;Dokumentation des Lieblingsplatzes
Das Kind dokumentiert Experimente mit Wasser, Licht und Schatten.;Ästhetik und Gestaltung;Bildnerisches Gestalten;Dokumentation;Förderung der Dokumentationsfähigkeit und der experimentellen Freude;5+;Experimente dokumentieren
Das Kind erschafft ein Werk mit Künstlerinnen und Künstlern und zeigt dabei Kreativität.;Ästhetik und Gestaltung;Kunst;Kooperation;Förderung der Kooperationsfähigkeit und der künstlerischen Fähigkeiten;5+;Künstler einladen
Das Kind schreibt ein eigenes Lied und zeigt dabei Kreativität.;Ästhetik und Gestaltung;Musik;Kreativität;Förderung der musikalischen Kreativität und der sprachlichen Ausdrucksfähigkeit;5+;Eigenes Lied schreiben
Das Kind macht Tonaufnahmen und dokumentiert einen Tag in der Kita.;Ästhetik und Gestaltung;Musik;Dokumentation;Förderung der Dokumentationsfähigkeit und der auditiven Wahrnehmung;5+;Tonaufnahmen machen
Das Kind baut Instrumente und spielt darauf und zeigt dabei Kreativität.;Ästhetik und Gestaltung;Musik;Instrumentenbau;Förderung der handwerklichen Fähigkeiten und der musikalischen Kreativität;5+;Instrumente selber bauen
Das Kind geht ins Theater und zeigt dabei Interesse an darstellender Kunst.;Ästhetik und Gestaltung;Theaterspiel;Theaterbesuch;Förderung des Interesses an darstellender Kunst;5+;Wir gehen ins Theater
Das Kind entwickelt ein eigenes Urteilsvermögen bei der Bewertung von Kunstwerken.;Ästhetik und Gestaltung;Kunst;Urteilsbildung;Förderung der Urteilsbildung und der Reflexionsfähigkeit;5+;Kunstwerke betrachten und bewerten
Das Kind entwickelt Neugier und Interesse an unbekannten Instrumenten und Musikstücken.;Ästhetik und Gestaltung;Musik;Neugier;Förderung der Neugierde und des Interesses an Musik;4+;Unbekannte Instrumente und Musikstücke vorstellen
Das Kind findet Lieblingsmusik und -lieder für verschiedene Stimmungen und Anlässe.;Ästhetik und Gestaltung;Musik;Musikgeschmack;Förderung der musikalischen Selbstwahrnehmung und des Ausdrucks;4+;Musik für verschiedene Stimmungen auswählen
Das Kind versteht sich als Teil einer künstlerischen Tradition und lernt verschiedene Traditionen kennen.;Ästhetik und Gestaltung;Kunst;Kulturelle Identität;Förderung der kulturellen Identität und des Verständnisses für Vielfalt;5+;Künstlerische Traditionen kennenlernen
Das Kind äußert achtungsvoll Wahrnehmungen, Gefühle und Bewertungen zu verschiedenen Musikkulturen.;Ästhetik und Gestaltung;Musik;Interkulturelle Kompetenz;Förderung der interkulturellen Kompetenz und der Empathie;5+;Musikkulturen kennenlernen und darüber sprechen
Das Kind erlebt Musik und Tanz als Möglichkeiten zur Begegnung mit unbekannten Menschen.;Ästhetik und Gestaltung;Musik;Soziale Interaktion;Förderung der sozialen Interaktion und des Abbaus von Vorurteilen;5+;Gemeinsam musizieren und tanzen
Das Kind erkennt Gemeinsamkeiten und Unterschiede zwischen heutigen und früheren Ausdrucksformen.;Ästhetik und Gestaltung;Kunst;Kunstgeschichte;Förderung des Interesses an Kunstgeschichte und der Reflexionsfähigkeit;5+;Kunstwerke verschiedener Epochen vergleichen
Das Kind macht Erfahrungen mit Licht und Schatten und spielt damit.;Ästhetik und Gestaltung;Kunst;Licht und Schatten;Förderung der Wahrnehmung und des experimentellen Umgangs mit Licht und Schatten;3+;Licht- und Schattenspiele durchführen
"Das Kind macht Erfahrungen mit dem ""Naturschönen"" in Natur und Gärten.";Ästhetik und Gestaltung;Kunst;Naturerfahrung;Förderung der Naturerfahrung und der ästhetischen Wahrnehmung;3+;Naturerkundungen, Gartenbesuche
Das Kind erfasst die Geräuschkulisse einer Großstadt in ihrer Vielfalt.;Ästhetik und Gestaltung;Musik;Geräuschwahrnehmung;Förderung der auditiven Wahrnehmung und der Sensibilität für Geräusche;4+;Geräusche in der Stadt erkunden
Das Kind zeigt Offenheit und Verständnis für verschiedene Musikgenres und -richtungen.;Ästhetik und Gestaltung;Musik;Musikverständnis;Förderung des musikalischen Verständnisses und der Toleranz;4+;Verschiedene Musikgenres und -richtungen kennenlernen
Das Kind möchte Fotos oder Videos von etwas machen.;Ästhetik und Gestaltung;Theaterspiel;Medientechnik;Förderung der Medienkompetenz und des technischen Verständnisses;5+;Aufnahmegeräte und Wiedergabegeräte ausprobieren
Das Kind zeigt Interesse an digitalen Medien und malt gerne.;Ästhetik und Gestaltung;Kunst;Medienkompetenz;Förderung der Medienkompetenz und der Kreativität;5+;Computer für künstlerische Gestaltung nutzen
Das Kind zeigt Neugier und Offenheit für Kunst und Kunstwerke verschiedenster Art.;Ästhetik und Gestaltung;Kunst;Offenheit;Förderung der Neugierde und des Interesses an Kunst;4+;Kunstwerke verschiedener Art betrachten
Das Kind erkennt ob ein Bild alt oder neu ist. ;Ästhetik und Gestaltung;Kunst;Geschichtsbewusstsein;Förderung des Geschichtsbewusstseins und des Zeitverständnisses;5+;Kunstwerke im historischen Kontext betrachten
Das Kind führt für andere Kinder in der Gruppe Theaterstücke oder Fernsehprogramm auf. ;Ästhetik und Gestaltung;Theaterspiel;Ausdauer;Förderung der Ausdauer und der Selbstwirksamkeit;5+;Gemeinsame Aufführungen vorbereiten und durchführen
Das Kind erkennt, dass Musik in Symbole umgesetzt werden kann und so kommuniziert.;Ästhetik und Gestaltung;Musik;Musiknotation;Förderung des Verständnisses für Musiknotation und der musikalischen Kommunikation;5+;Musiknotation kennenlernen
Das Kind singt oder summt gerne beim Spielen oder Bewegen.;Ästhetik und Gestaltung;Musik;Audiotechnik;Förderung des Interesses an Audiotechnik und der experimentellen Freude;5+;Stimm- und Tonveränderungen ausprobieren
Das Kind experimentiert mit verschiedenen Materialien und entdeckt deren Eigenschaften.;Ästhetik und Gestaltung;Kunst;Materialerfahrung;Förderung der Materialerfahrung und der experimentellen Freude;3+;Materialexperimente durchführen
Das Kind experimentiert mit Stiften oder Pinsel.;Ästhetik und Gestaltung;Bildnerisches Gestalten;Gestaltungstechniken;Förderung der gestalterischen Fähigkeiten und der Kreativität;4+;Verschiedene Gestaltungstechniken ausprobieren
Das Kind fragt über einen Stil eines bestimmten Bildes nach. ;Ästhetik und Gestaltung;Kunst;Kunstgeschichte;Förderung des Interesses an Kunstgeschichte und der kulturellen Bildung;5+;Ausstellungen und Museen besuchen
Das Kind lernt verschiedene Musikinstrumente kennen und probiert sie aus.;Ästhetik und Gestaltung;Musik;Instrumentenkunde;Förderung des Interesses an Musikinstrumenten und der musikalischen Bildung;4+;Musikinstrumente kennenlernen und ausprobieren
Das Kind fragt über Tanzstile wie Ballett nach.;Ästhetik und Gestaltung;Musik;Tanzstile;Förderung des Interesses an Tanz und der körperlichen Ausdrucksfähigkeit;4+;Verschiedene Tanzstile kennenlernen und ausprobieren
Das Kind fragt nach dem Sinn von Kunst und Kultur.;Ästhetik und Gestaltung;Kunst;Ästhetik, Kreativität;Entwicklung von ästhetischem Bewusstsein und Kreativität.;5+ Jahre;Museumsbesuch, eigenes Kunstwerk gestalten, Musik aus verschiedenen Kulturen hören.
Das Kind gestaltet aus Naturmaterialien ein eigenes Kunstwerk.;Ästhetik und Gestaltung;Bildnerisches Gestalten;Naturgestaltung;Förderung der Wahrnehmung und kreativen Auseinandersetzung mit natürlichen Materialien;4+ Jahre;Land Art im Garten, Bilder mit Blättern, Natur-Mandalas legen.
Das Kind tanzt frei zur Musik und verändert seinen Rhythmus.;Ästhetik und Gestaltung;Tanz und Bewegung;Kreativer Ausdruck;Förderung der Körperwahrnehmung und Musikalität;3+ Jahre;Musikspiele, freier Tanz mit Tüchern, Stopp-Tanz, Bewegungslandschaft mit Musik.
Das Kind baut aus Alltagsmaterialien ein fantasievolles Objekt.;Ästhetik und Gestaltung;Technisch-Künstlerisches Gestalten;Upcycling;Förderung des kreativen Umgangs mit Materialien und Nachhaltigkeitsbewusstseins;5+ Jahre;Basteln mit Recyclingmaterial, eigene Erfindungen bauen, Fantasieobjekte vorstellen.
Das Kind erfindet einen Tanz zu einem bekannten Lied.;Ästhetik und Gestaltung;Tanz und Bewegung;Choreografie;Förderung von Selbstwirksamkeit und musikalischer Bewegungskompetenz;5+ Jahre;Tanzprojekt, Gruppenchoreografie, Bewegungsabfolge entwickeln.
Das Kind entdeckt verschiedene Muster und ordnet sie in Reihen an.;Ästhetik und Gestaltung;Bildnerisches Gestalten;Mustererkennung;Förderung der ästhetischen Strukturwahrnehmung;4+ Jahre;Musterkarten legen, Ornament-Gestaltung, Reihenfolgen-Memory.
Das Kind gestaltet eine Bühne für ein Puppentheater.;Ästhetik und Gestaltung;Raumgestaltung;Szenisches Gestalten;Förderung von Raumgefühl und Inszenierungskompetenz;5+ Jahre;Bühnenbau, Hintergründe gestalten, Theater spielen.
Das Kind experimentiert mit Farbmischungen.;Ästhetik und Gestaltung;Bildnerisches Gestalten;Farblehre;Förderung der Wahrnehmung von Farben und ästhetischem Ausdruck;3+ Jahre;Farbkreis mischen, Fensterbilder gestalten, Farbmonster-Geschichten.
Das Kind spielt einfache Rhythmen auf Trommeln nach.;Ästhetik und Gestaltung;Musik;Rhythmik;Förderung des Rhythmusgefühls und auditiven Wahrnehmung;4+ Jahre;Trommelreise, Bodypercussion, Instrumentenkreis.
Das Kind beobachtet Licht- und Schattenspiele mit Neugier.;Ästhetik und Gestaltung;Raumgestaltung;Lichtgestaltung;Förderung der Wahrnehmung von Licht und Raum;4+ Jahre;Schattenbilder gestalten, Lichtprojektionen, Taschenlampenspiele.
Das Kind gestaltet eine Maske für ein Rollenspiel.;Ästhetik und Gestaltung;Bildnerisches Gestalten;Maskenbau;Förderung der Gestaltungskraft und Ausdrucksstärke;5+ Jahre;Masken basteln, Rollenspiele mit Verkleidung, Faschingsvorbereitung.
Das Kind erkundet unterschiedliche Klanginstrumente.;Ästhetik und Gestaltung;Musik;Instrumentenkunde;Förderung der Differenzierungsfähigkeit von Klängen;3+ Jahre;Klanggeschichten, Instrumente aus aller Welt, Instrumentenkarussell.
Das Kind gestaltet sein eigenes Fantasiewesen mit Ton.;Ästhetik und Gestaltung;Bildnerisches Gestalten;Plastisches Gestalten;Förderung von haptischem Erleben und dreidimensionalem Denken;5+ Jahre;Tonarbeiten, Knetwerkstatt, Skulpturen aus Naturmaterialien.
Das Kind verfolgt mit Aufmerksamkeit eine Theatervorstellung.;Ästhetik und Gestaltung;Darstellendes Spiel;Rezeption von Kunst;Förderung von Konzentration und ästhetischem Erleben;4+ Jahre;Puppentheater besuchen, Theaterkritik malen, Szenen nachspielen.
Das Kind schneidet selbstständig Formen aus und kombiniert sie zu einem Bild.;Ästhetik und Gestaltung;Bildnerisches Gestalten;Collage-Technik;Förderung von Feinmotorik und Kompositionsfähigkeit;4+ Jahre;Papiercollagen gestalten, Formen erkennen und benennen, Bilderrahmen basteln.
Das Kind erfindet einen eigenen Klang mit selbstgebauten Instrumenten.;Ästhetik und Gestaltung;Musik;Klanggestaltung;Förderung der kreativen Klangproduktion;5+ Jahre;Instrumente bauen, Geräuscherätsel, Klanggeschichten erfinden.
Das Kind fotografiert selbstständig besondere Orte im Garten.;Ästhetik und Gestaltung;Mediengestaltung;Fotografie;Förderung des Blicks für Ästhetik und Gestaltung im Alltag;5+ Jahre;Fotowalk, Ausstellung eigener Bilder, Fotobuch gestalten.
Das Kind entwirft ein Muster für ein T-Shirt.;Ästhetik und Gestaltung;Bildnerisches Gestalten;Textilgestaltung;Förderung des kreativen Designs und Farbgefühls;5+ Jahre;Stoffmalerei, Batikversuche, Kleidung gestalten.
Das Kind bewegt sich im Takt zu klassischer Musik.;Ästhetik und Gestaltung;Tanz und Bewegung;Musikalische Ausdrucksbewegung;Förderung des Musikgefühls und kreativen Ausdrucks;4+ Jahre;Musikbewegungsspiele, klassische Musik hören und tanzen, Bewegungsbilder malen.
Das Kind stellt Figuren aus Knete in eine Geschichte.;Ästhetik und Gestaltung;Darstellendes Spiel;Knet-Theater;Förderung des kreativen Erzählens und der Formgestaltung;3+ Jahre;Knetfiguren erschaffen, Geschichten erzählen, Fotostory gestalten.
Das Kind beobachtet Farben im Alltag und benennt sie.;Ästhetik und Gestaltung;Wahrnehmung;Farbwahrnehmung;Förderung der bewussten ästhetischen Wahrnehmung;3+ Jahre;Farbenjagd im Raum, Farbkarten suchen, Farben in der Natur entdecken.
Das Kind gestaltet eine kreative Umrahmung für ein Fenster.;Ästhetik und Gestaltung;Raumgestaltung;Fensterkunst;Förderung der Raumwahrnehmung und Gestaltungslust;4+ Jahre;Fensterbilder gestalten, Naturmotive, Jahreszeitenkunst
Das Kind erkennt wiederkehrende Melodien in Liedern.;Ästhetik und Gestaltung;Musik;Melodieerkennung;Förderung musikalischer Differenzierung und Hörverstehen;4+ Jahre;Melodien-Memory, Liedwiederholung, Rhythmusklatschen.
Das Kind gestaltet eine Szene mit Figuren und Kulisse.;Ästhetik und Gestaltung;Darstellendes Spiel;Szenisches Gestalten;Förderung von szenischer Fantasie und künstlerischem Ausdruck;5+ Jahre;Mini-Theater bauen, Geschichtenszenen entwickeln, Requisiten gestalten.
Das Kind lässt sich von Gemälden zu eigenen Bildern inspirieren.;Ästhetik und Gestaltung;Bildnerisches Gestalten;Kunsterfahrung;Förderung der Kunstwahrnehmung und kreativen Umsetzung;5+ Jahre;Museumsbesuch, Bildbetrachtung, Reproduktion und Variation bekannter Kunst.
Das Kind interessiert sich für Muster auf Kleidung und Stoffen.;Ästhetik und Gestaltung;Wahrnehmung;Textilmuster erkennen;Förderung von Differenzierungsfähigkeit und gestalterischem Interesse;4+ Jahre;Musterreise durchs Haus, Muster nachzeichnen, Stoffe fühlen und sortieren.
Das Kind gestaltet seine eigene Laterne für ein Lichterfest.;Ästhetik und Gestaltung;Lichtgestaltung;Festgestaltung;Förderung kreativer Partizipation an Festen;4+ Jahre;Laternenwerkstatt, Lichtspiele, gemeinsamer Laternenumzug.
Das Kind zeigt Stolz auf seine ausgestellte Arbeit.;Ästhetik und Gestaltung;Präsentation;Kunst zeigen;Förderung des Selbstbewusstseins durch ästhetischen Ausdruck;5+ Jahre;Kinder-Ausstellung organisieren, Werke vorstellen, Kunstgalerie im Gruppenraum.
Das Kind improvisiert mit Bewegungen zu veränderter Musik.;Ästhetik und Gestaltung;Tanz und Bewegung;Improvisation;Förderung des spontanen Ausdrucks und Körperbewusstseins;5+ Jahre;Musikwechsel-Tanz, Tempo-Spiele, Improvisation mit Requisiten.
Das Kind verziert ein Geschenk mit großer Sorgfalt.;Ästhetik und Gestaltung;Bildnerisches Gestalten;Gestalten für andere;Förderung von Wertschätzung und Gestaltung für soziale Anlässe;5+ Jahre;Geschenkwerkstatt, Karten basteln, kreative Verpackungen gestalten.
Das Kind gestaltet ein „Ich-Buch“ mit eigenen Bildern und Zeichnungen.;Ästhetik und Gestaltung;Bildnerisches Gestalten;Selbstausdruck;Förderung von Identitätsentwicklung und künstlerischem Ausdruck;4+ Jahre;Ich-Buch-Projekt, Collagearbeit, Selbstporträt malen.
Das Kind tanzt zur Musik und erfindet eigene Bewegungen.;Ästhetik und Gestaltung;Tanz und Bewegung;Freier Ausdruck;Förderung von Körperbewusstsein und Ausdruckskraft;3+ Jahre;Musik anpassen, Ausdruckstanz, Tanzreise mit Musikstopp.
Das Kind vergleicht verschiedene Stoffe nach Struktur und Muster.;Ästhetik und Gestaltung;Wahrnehmung;Materialerkundung;Förderung der taktilen Wahrnehmung und Unterscheidungsfähigkeit;4+ Jahre;Fühl-Memory, Stoffe sortieren, Stoffcollage.
Das Kind singt lautstark mit und bringt eigene Textideen ein.;Ästhetik und Gestaltung;Musik;Liedgestaltung;Förderung der kreativen Sprachgestaltung und Musikalität;5+ Jahre;Liedstrophen erfinden, Klanggeschichten, Auftritt im Kreis.
Das Kind stellt aus gesammelten Naturmaterialien eine Figur her.;Ästhetik und Gestaltung;Bildnerisches Gestalten;Naturmaterialverarbeitung;Förderung von Materialvielfalt und Kreativität;4+ Jahre;Naturwerkstatt, Waldkunst, Figuren aus Ästen und Blättern.
Das Kind zeigt Interesse an Mustern auf Keramik und Porzellan.;Ästhetik und Gestaltung;Wahrnehmung;Designbeobachtung;Förderung des ästhetischen Feingefühls;5+ Jahre;Muster zeichnen, Keramikausstellung besuchen, Design vergleichen.
Das Kind malt mit Schwämmen, Stempeln und Zahnbürsten.;Ästhetik und Gestaltung;Bildnerisches Gestalten;Technikvielfalt;Förderung von Experimentierfreude und Ausdrucksvielfalt;3+ Jahre;Malen mit Alltagsgegenständen, Strukturbild, Putzbild-Galerie.
Das Kind gestaltet ein Kostüm für eine Aufführung.;Ästhetik und Gestaltung;Darstellendes Spiel;Kostümgestaltung;Förderung von szenischer Vorstellungskraft und Gestaltungskompetenz;5+ Jahre;Verkleidungskiste, Modezeichnung, Laufstegspiel.
Das Kind hört gespannt klassische Musik und malt, was es dabei fühlt.;Ästhetik und Gestaltung;Musik;Musikrezeption;Förderung des inneren Bilddenkens und emotionaler Ausdruckskraft;4+ Jahre;Musik-Mal-Geschichten, Hörverstehen mit Farben, Musikreise malen.
Das Kind formt Figuren aus Draht und Wolle.;Ästhetik und Gestaltung;Bildnerisches Gestalten;Dreidimensionales Gestalten;Förderung der Feinmotorik und räumlichen Vorstellungskraft;5+ Jahre;Drahtbiegen, Figurenbau, Mini-Skulpturen aus Recyclingmaterial.
Das Kind gestaltet ein Bild mit Frottagetechnik.;Ästhetik und Gestaltung;Bildnerisches Gestalten;Oberflächenstruktur;Förderung von Materialerfahrung und Kreativität;4+ Jahre;Frottage mit Baumrinde, Strukturabdruck mit Münzen, Rubbelflächen erkunden.
Das Kind beteiligt sich begeistert an einer Klanggeschichte.;Ästhetik und Gestaltung;Musik;Klanginterpretation;Förderung des Hörens und musikalischen Mitgestaltens;3+ Jahre;Geräuschreise, Musikalische Geschichte mit Orff-Instrumenten, Klangmemory.
Das Kind faltet aus Papier Tiere und zeigt sie stolz.;Ästhetik und Gestaltung;Bildnerisches Gestalten;Origami;Förderung von Konzentration und Gestaltungsfreude;5+ Jahre;Papierfalten lernen, Origami-Zoo, Faltgeschichte.
Das Kind beobachtet, wie Farben im Wasser verlaufen.;Ästhetik und Gestaltung;Bildnerisches Gestalten;Farberlebnis;Förderung ästhetischer Neugier und Experimentiervielfalt;3+ Jahre;Aquarellfarben ausprobieren, Nass-in-Nass-Technik, Farbspiel mit Pipetten.
Das Kind komponiert einfache Melodien auf dem Glockenspiel.;Ästhetik und Gestaltung;Musik;Eigenkomposition;Förderung von Tonbewusstsein und musikalischer Kreativität;5+ Jahre;Musikwerkstatt, Lied erfinden, Klangbausteine nutzen.
Das Kind baut ein Theater aus Schuhkartons.;Ästhetik und Gestaltung;Darstellendes Spiel;Bühnenbildgestaltung;Förderung von Szenengestaltung und künstlerischer Eigenständigkeit;4+ Jahre;Mini-Theater gestalten, Vorhang und Requisiten basteln, Spielaufführung.
Das Kind entdeckt Muster in Fenstergittern und Teppichen.;Ästhetik und Gestaltung;Wahrnehmung;Strukturbeobachtung;Förderung von Formenverständnis und ästhetischer Wahrnehmung;3+ Jahre;Musterdetektive, Architektur-Spaziergang, Muster-Memory.
Das Kind verziert ein Lebkuchenherz mit Zuckerschrift.;Ästhetik und Gestaltung;Bildnerisches Gestalten;Lebensmittelgestaltung;Förderung von Gestaltungsfreude mit essbaren Materialien;4+ Jahre;Backwerkstatt, Verzieren mit Zuckerguss, „Süße Kunst“-Ausstellung.
Das Kind verfolgt mit Interesse eine Tanzaufführung anderer Kinder.;Ästhetik und Gestaltung;Tanz und Bewegung;Zuschaukompetenz;Förderung ästhetischer Rezeption und Aufmerksamkeit;3+ Jahre;Publikumsregeln besprechen, Feedbackrunde, Tanznacherzählung.
Das Kind zeichnet ein Selbstporträt im Spiegel.;Ästhetik und Gestaltung;Bildnerisches Gestalten;Selbstwahrnehmung;Förderung der Selbstbeobachtung und Ausdruckskraft;5+ Jahre;Porträtzeichnen, Gesicht erkennen, Spiegelzeichnen mit Kohle.
Das Kind gestaltet eine Schatzkiste für persönliche Gegenstände.;Ästhetik und Gestaltung;Bildnerisches Gestalten;Individuelle Gestaltung;Förderung von Identitätsentwicklung und Kreativität;4+ Jahre;Schatzkiste bemalen, Lieblingssachen ausstellen, Präsentation im Kreis.
Das Kind improvisiert mit Tüchern zur Musik.;Ästhetik und Gestaltung;Tanz und Bewegung;Materialerfahrung im Tanz;Förderung von Bewegungsfreiheit und Ausdruck;3+ Jahre;Tüchertanz, Musik und Farbe, Tanzspiel mit Requisiten.
Das Kind verwendet Perlen für ein eigenes Schmuckstück.;Ästhetik und Gestaltung;Bildnerisches Gestalten;Feinmotorisches Gestalten;Förderung von Präzision und gestalterischem Ausdruck;5+ Jahre;Ketten fädeln, Namensarmbänder, Farbenreihen gestalten.
Das Kind beobachtet Schattenspiele auf einer Leinwand.;Ästhetik und Gestaltung;Raumgestaltung;Schattenkunst;Förderung der Lichtwahrnehmung und ästhetischer Gestaltungsideen;4+ Jahre;Schattenfiguren basteln, Theater mit Taschenlampe, Tageslichtspiele.
Das Kind gestaltet ein Fensterbild mit Transparentpapier.;Ästhetik und Gestaltung;Bildnerisches Gestalten;Lichtgestaltung;Förderung von Farbwirkung und Raumgestaltung;4+ Jahre;Fenstermosaik, Sonnenfänger basteln, Jahreszeitenfenster.
Das Kind kombiniert Musik mit Bewegung und Reimen.;Ästhetik und Gestaltung;Musik;Bewegungslieder;Förderung musikalischer und sprachlicher Ausdrucksfähigkeit;3+ Jahre;Mitmachlieder, Reim- und Tanzrunden, Rhythmus-Spaß.
Das Kind stellt ein eigenes Bilderbuch her.;Ästhetik und Gestaltung;Bildnerisches Gestalten;Erzählgestaltung;Förderung von Fantasie und gestalterischer Planung;5+ Jahre;Bilderbuchprojekt, eigene Geschichten malen, Heften und binden.
Das Kind entwirft ein Symbol für seine Gruppe.;Ästhetik und Gestaltung;Bildnerisches Gestalten;Symbolgestaltung;Förderung von Identifikation und gestalterischem Denken;5+ Jahre;Wappen entwerfen, Gruppenlogo gestalten, Banner malen.
Das Kind bemalt einen Stein und legt ihn als Botschaft aus.;Ästhetik und Gestaltung;Bildnerisches Gestalten;Street-Art für Kinder;Förderung des kreativen Ausdrucks im öffentlichen Raum;4+ Jahre;Steinbotschaften, Farbspaziergänge, Kunst im Park.
Das Kind ordnet Musikinstrumente nach Klangfarbe.;Ästhetik und Gestaltung;Musik;Klangdifferenzierung;Förderung der auditiven Wahrnehmung und Klassifikation;5+ Jahre;Klangsortierspiele, Hörmemory, „Finde das Instrument“.
Das Kind entdeckt Spiegelungen in Pfützen und Fenstern.;Ästhetik und Gestaltung;Wahrnehmung;Licht und Reflexion;Förderung von ästhetischer Naturbeobachtung;4+ Jahre;Spiegelfotografie, Reflexionsexperimente, „Was siehst du im Wasser?“
