Beobachtung;Entwicklungsbereich;Teilbereich;Unterbereich;Ziel;Alter (Jahre);Aktivität/Impuls
Das Kind ahmt Tierlaute nach und zeigt Freude daran.;Sprache und Kommunikation ;Sprachentwicklung;Lautbildung;Förderung der Lautbildung und des Sprachverständnisses;1+;Gemeinsames Singen von Tierliedern, Bilderbücher mit Tierlauten
Das Kind dreht den Kopf zu Geräuschquellen und zeigt Interesse an Geräuschen.;Sprache und Kommunikation ;Sprachentwicklung;Zuhören;Förderung des Hörvermögens und der Aufmerksamkeit für Geräusche;1+;Rasseln, Glöckchen, Musikinstrumente
Das Kind nimmt Blickkontakt zu Bezugspersonen auf und lächelt.;Sprache und Kommunikation ;Sprachentwicklung;Kommunikation;Förderung der nonverbalen Kommunikation und der sozialen Interaktion;1+;Gemeinsames Spielen, Singen von Liedern mit Blickkontakt
Das Kind erzählt von einem Erlebnis in der Familie und verwendet dabei Mimik und Gestik.;Sprache und Kommunikation ;Sprachentwicklung;Erzählen;Förderung der Erzählfähigkeit und des nonverbalen Ausdrucks;3+;Gesprächskreise, in denen Kinder von ihren Erlebnissen erzählen
Das Kind zeigt Vorlieben für bestimmte Lieder oder Reime und möchte diese immer wieder hören.;Sprache und Kommunikation ;Sprachentwicklung;Vorlieben;Förderung des Sprachverständnisses und des Rhythmusgefühls;2+;Gemeinsames Singen von Lieblingsliedern, Vorlesen von Reimen
Das Kind spricht in verschiedenen Lautstärken und ahmt verschiedene Stimmen nach.;Sprache und Kommunikation ;Sprachentwicklung;Ausdruck;Förderung der stimmlichen Ausdrucksfähigkeit und der Kreativität;3+;Rollenspiele, in denen Kinder verschiedene Rollen übernehmen
Das Kind verwendet zunehmend komplexere Sätze und benennt Gegenstände mit korrekten Artikeln.;Sprache und Kommunikation ;Sprachentwicklung;Grammatik;Förderung der grammatikalischen Fähigkeiten und des Wortschatzes;4+;Bilderbücher, in denen Gegenstände benannt werden
"Das Kind benennt sich selbst mit Namen und verwendet das Pronomen ""ich"".";Sprache und Kommunikation ;Sprachentwicklung;Selbstwahrnehmung;Förderung der Selbstwahrnehmung und der sprachlichen Identitätsbildung;3+;Spiegelspiele, in denen Kinder sich selbst benennen
Das Kind stellt viele Fragen und zeigt Interesse an neuen Wörtern.;Sprache und Kommunikation ;Sprachentwicklung;Neugierde;Förderung der Neugierde und des Wortschatzes;4+;Ausflüge, bei denen neue Gegenstände und Situationen erlebt werden
Das Kind klatscht oder trommelt im Rhythmus von Liedern und Reimen.;Sprache und Kommunikation ;Sprachentwicklung;Rhythmus;Förderung des Rhythmusgefühls und der musikalischen Fähigkeiten;3+;Gemeinsames Singen und Tanzen, Musikinstrumente
Das Kind singt gerne und kennt viele Lieder.;Sprache und Kommunikation ;Sprachentwicklung;Musikalität;Förderung der musikalischen Fähigkeiten und der Freude am Singen;3+;Gemeinsames Singen von Liedern, Musikinstrumente
Das Kind hört gerne Geschichten und kann diese nacherzählen.;Sprache und Kommunikation ;Sprachentwicklung;Zuhören;Förderung des Hörverständnisses und der Erzählfähigkeit;4+;Vorlesen von Geschichten, Erzählrunden
Das Kind äußert seine Gedanken und Wünsche in Einzelgesprächen mit Erwachsenen.;Sprache und Kommunikation ;Sprachentwicklung;Gesprächsfähigkeit;Förderung der Gesprächsfähigkeit und der Fähigkeit, sich auszudrücken;4+;Einzelgespräche, in denen Kinder über ihre Interessen sprechen
Das Kind ahmt die Sprache von Erwachsenen nach und verwendet dabei korrekte Satzstrukturen.;Sprache und Kommunikation ;Sprachentwicklung;Sprachvorbild;Förderung der sprachlichen Fähigkeiten durch Nachahmung;4+;Gemeinsame Aktivitäten, bei denen Kinder die Sprache von Erwachsenen beobachten und nachahmen
Das Kind erzählt von Erlebnissen mit Büchern oder anderen Medien in der Familie.;Sprache und Kommunikation ;Sprachentwicklung;Mediennutzung;Förderung des Interesses an Büchern und Medien;3+;Gespräche über Lieblingsbücher, Vorlesen von Geschichten
Das Kind fragt nach der Bedeutung seines Namens und erzählt von Namensgeschichten.;Sprache und Kommunikation ;Sprachentwicklung;Namensbedeutung;Förderung des Interesses an Namen und ihrer Bedeutung;4+;Gespräche über Namen, Namensspiele
Das Kind spricht in verschiedenen Sprachen und zeigt Interesse an anderen Sprachen.;Sprache und Kommunikation ;Sprachentwicklung;Mehrsprachigkeit;Förderung der Mehrsprachigkeit und des Interesses an anderen Sprachen;4+;Lieder und Geschichten in verschiedenen Sprachen, Besuch von Sprachkursen
Das Kind zeigt Freude an Lautspielen und erfindet eigene Wörter.;Sprache und Kommunikation ;Sprachentwicklung;Kreativität;Förderung der Kreativität und des spielerischen Umgangs mit Sprache;3+;Reimspiele, Nonsensverse
Das Kind reagiert freudig auf Ansprache und sucht den Kontakt zu anderen Kindern.;Sprache und Kommunikation ;Sprachentwicklung;Kommunikation;Förderung der sozialen Interaktion und des Interesses an Kommunikation;2+;Freies Spiel, bei dem Kinder miteinander interagieren
Das Kind zeigt Interesse an der Lautbildung und übt verschiedene Laute.;Sprache und Kommunikation ;Sprachentwicklung;Lautbildung;Förderung der Lautbildung und der Artikulation;2+;Lautspiele, Reime
Das Kind benennt Gegenstände in seiner Umgebung und fragt nach deren Namen.;Sprache und Kommunikation ;Sprachentwicklung;Wortschatz;Förderung des Wortschatzes und des Interesses an neuen Wörtern;2+;Bilderbücher, in denen Gegenstände benannt werden
Das Kind äußert seine Wünsche und Bedürfnisse deutlich und bestimmt.;Sprache und Kommunikation ;Sprachentwicklung;Selbstbehauptung;Förderung der Fähigkeit, sich auszudrücken und seine Bedürfnisse zu äußern;3+;Rollenspiele, in denen Kinder ihre Wünsche äußern
Das Kind zeigt Interesse an Reimen und Versen und versucht, diese nachzusprechen.;Sprache und Kommunikation ;Sprachentwicklung;Reime;Förderung des Rhythmusgefühls und des Sprachverständnisses;3+;Gemeinsames Sprechen von Reimen, Klatschen im Rhythmus
Das Kind singt gerne Lieder und zeigt Freude an Musik.;Sprache und Kommunikation ;Sprachentwicklung;Musikalität;Förderung der musikalischen Fähigkeiten und der Freude am Singen;2+;Gemeinsames Singen von Liedern, Musikinstrumente
Das Kind hört gerne Geschichten und zeigt Interesse an Büchern.;Sprache und Kommunikation ;Sprachentwicklung;Zuhören;Förderung des Hörverständnisses und der Freude am Vorlesen;3+;Vorlesen von Geschichten, Bilderbücher
Das Kind äußert seine Gefühle und Gedanken in Einzelgesprächen mit Erwachsenen.;Sprache und Kommunikation ;Sprachentwicklung;Gesprächsfähigkeit;Förderung der Gesprächsfähigkeit und der Fähigkeit, sich auszudrücken;4+;Einzelgespräche, in denen Kinder über ihre Gefühle sprechen
Das Kind ahmt die Sprache von Erwachsenen nach und verwendet dabei korrekte Satzstrukturen.;Sprache und Kommunikation ;Sprachentwicklung;Sprachvorbild;Förderung der sprachlichen Fähigkeiten durch Nachahmung;4+;Gemeinsame Aktivitäten, bei denen Kinder die Sprache von Erwachsenen beobachten und nachahmen
Das Kind erzählt von Erlebnissen mit Büchern oder anderen Medien in der Familie.;Sprache und Kommunikation ;Sprachentwicklung;Mediennutzung;Förderung des Interesses an Büchern und Medien;3+;Gespräche über Lieblingsbücher, Vorlesen von Geschichten
Das Kind fragt nach der Bedeutung seines Namens und erzählt von Namensgeschichten.;Sprache und Kommunikation ;Sprachentwicklung;Namensbedeutung;Förderung des Interesses an Namen und ihrer Bedeutung;4+;Gespräche über Namen, Namensspiele
Das Kind spricht in verschiedenen Sprachen und zeigt Interesse an anderen Sprachen.;Sprache und Kommunikation ;Sprachentwicklung;Mehrsprachigkeit;Förderung der Mehrsprachigkeit und des Interesses an anderen Sprachen;4+;Lieder und Geschichten in verschiedenen Sprachen, Besuch von Sprachkursen
Das Kind erzählt eine Geschichte und verwendet dabei verschiedene Satzstrukturen und einen reichen Wortschatz.;Sprache und Kommunikation ;Kommunikation;Sprachliche Ausdrucksfähigkeit;Förderung der sprachlichen Ausdrucksfähigkeit und der Kreativität;5+;Freies Erzählen, Bildergeschichten
Das Kind benennt verschiedene Gefühle und erklärt, wie es sich in bestimmten Situationen fühlt.;Sprache und Kommunikation ;Kommunikation;Emotionale Kompetenz;Förderung der emotionalen Kompetenz und der Fähigkeit, Gefühle auszudrücken;4+;Gesprächskreise, in denen über Gefühle gesprochen wird
Das Kind stellt Fragen zu unbekannten Wörtern und zeigt Interesse an deren Bedeutung.;Sprache und Kommunikation ;Kommunikation;Wortschatzentwicklung;Förderung der Neugier und des Interesses an Sprache;4+;Bilderbücher, in denen neue Wörter vorkommen
Das Kind erkennt und benennt verschiedene Zeichen und Symbole im Alltag.;Sprache und Kommunikation ;Kommunikation;Symbolverständnis;Förderung des Symbolverständnisses und der Fähigkeit, Zeichen zu deuten;4+;Verkehrsschilder, Piktogramme
Das Kind verwendet technische Geräte, um Geschichten zu hören oder Bilder anzusehen.;Sprache und Kommunikation ;Kommunikation;Medienkompetenz;Förderung der Medienkompetenz und des Interesses an verschiedenen Medien;5+;Hörspiele, Bilderbücher auf dem Tablet
Das Kind fragt nach der Bedeutung von Wörtern in anderen Sprachen und zeigt Interesse an fremden Sprachen.;Sprache und Kommunikation ;Kommunikation;Mehrsprachigkeit;Förderung des Interesses an anderen Sprachen und Kulturen;5+;Lieder und Geschichten in anderen Sprachen
Das Kind nimmt an Gesprächen teil und hält sich an Gesprächsregeln.;Sprache und Kommunikation ;Kommunikation;Gesprächsfähigkeit;Förderung der Gesprächsfähigkeit und der Fähigkeit, sich in Gesprächen einzubringen;4+;Gesprächskreise, Rollenspiele
Das Kind erzählt von Erlebnissen mit Büchern oder anderen Medien in der Familie.;Sprache und Kommunikation ;Kommunikation;Mediennutzung;Förderung des Interesses an Büchern und Medien;3+;Gespräche über Lieblingsbücher, Vorlesen von Geschichten
Das Kind fragt nach der Bedeutung seines Namens und erzählt von Namensgeschichten.;Sprache und Kommunikation ;Kommunikation;Namensbedeutung;Förderung des Interesses an Namen und ihrer Bedeutung;4+;Gespräche über Namen, Namensspiele
Das Kind spricht in verschiedenen Sprachen und zeigt Interesse an anderen Sprachen.;Sprache und Kommunikation ;Kommunikation;Mehrsprachigkeit;Förderung der Mehrsprachigkeit und des Interesses an anderen Sprachen;4+;Lieder und Geschichten in verschiedenen Sprachen, Besuch von Sprachkursen
Das Kind zeigt Freude an Lautspielen und erfindet eigene Wörter.;Sprache und Kommunikation ;Kommunikation;Kreativität;Förderung der Kreativität und des spielerischen Umgangs mit Sprache;3+;Reimspiele, Nonsensverse
Das Kind reagiert freudig auf Ansprache und sucht den Kontakt zu anderen Kindern.;Sprache und Kommunikation ;Kommunikation;Kommunikation;Förderung der sozialen Interaktion und des Interesses an Kommunikation;2+;Freies Spiel, bei dem Kinder miteinander interagieren
Das Kind zeigt Interesse an der Lautbildung und übt verschiedene Laute.;Sprache und Kommunikation ;Kommunikation;Lautbildung;Förderung der Lautbildung und der Artikulation;2+;Lautspiele, Reime
Das Kind benennt Gegenstände in seiner Umgebung und fragt nach deren Namen.;Sprache und Kommunikation ;Kommunikation;Wortschatz;Förderung des Wortschatzes und des Interesses an neuen Wörtern;2+;Bilderbücher, in denen Gegenstände benannt werden
Das Kind äußert seine Wünsche und Bedürfnisse deutlich und bestimmt.;Sprache und Kommunikation ;Kommunikation;Selbstbehauptung;Förderung der Fähigkeit, sich auszudrücken und seine Bedürfnisse zu äußern;3+;Rollenspiele, in denen Kinder ihre Wünsche äußern
Das Kind zeigt Interesse an Reimen und Versen und versucht, diese nachzusprechen.;Sprache und Kommunikation ;Kommunikation;Reime;Förderung des Rhythmusgefühls und des Sprachverständnisses;3+;Gemeinsames Sprechen von Reimen, Klatschen im Rhythmus
Das Kind singt gerne Lieder und zeigt Freude an Musik.;Sprache und Kommunikation ;Kommunikation;Musikalität;Förderung der musikalischen Fähigkeiten und der Freude am Singen;2+;Gemeinsames Singen von Liedern, Musikinstrumente
Das Kind hört gerne Geschichten und zeigt Interesse an Büchern.;Sprache und Kommunikation ;Kommunikation;Zuhören;Förderung des Hörverständnisses und der Freude am Vorlesen;3+;Vorlesen von Geschichten, Bilderbücher
Das Kind äußert seine Gefühle und Gedanken in Einzelgesprächen mit Erwachsenen.;Sprache und Kommunikation ;Kommunikation;Gesprächsfähigkeit;Förderung der Gesprächsfähigkeit und der Fähigkeit, sich auszudrücken;4+;Einzelgespräche, in denen Kinder über ihre Gefühle sprechen
Das Kind ahmt die Sprache von Erwachsenen nach und verwendet dabei korrekte Satzstrukturen.;Sprache und Kommunikation ;Kommunikation;Sprachvorbild;Förderung der sprachlichen Fähigkeiten durch Nachahmung;4+;Gemeinsame Aktivitäten, bei denen Kinder die Sprache von Erwachsenen beobachten und nachahmen
Das Kind erzählt von Erlebnissen mit Büchern oder anderen Medien in der Familie.;Sprache und Kommunikation ;Kommunikation;Mediennutzung;Förderung des Interesses an Büchern und Medien;3+;Gespräche über Lieblingsbücher, Vorlesen von Geschichten
Das Kind fragt nach der Bedeutung seines Namens und erzählt von Namensgeschichten.;Sprache und Kommunikation ;Kommunikation;Namensbedeutung;Förderung des Interesses an Namen und ihrer Bedeutung;4+;Gespräche über Namen, Namensspiele
Das Kind spricht in verschiedenen Sprachen und zeigt Interesse an anderen Sprachen.;Sprache und Kommunikation ;Kommunikation;Mehrsprachigkeit;Förderung der Mehrsprachigkeit und des Interesses an anderen Sprachen;4+;Lieder und Geschichten in verschiedenen Sprachen, Besuch von Sprachkursen
Das Kind erzählt von einem Erlebnis und verwendet dabei komplexe Satzstrukturen und einen reichen Wortschatz.;Sprache und Kommunikation ;Kommunikation;Erzählfähigkeit;Förderung der Erzählfähigkeit und der Kreativität;5+;Freies Erzählen, Bildergeschichten
Das Kind stellt Fragen zu unbekannten Wörtern und zeigt Interesse an deren Bedeutung.;Sprache und Kommunikation ;Kommunikation;Wortschatzentwicklung;Förderung der Neugier und des Interesses an Sprache;4+;Bilderbücher, in denen neue Wörter vorkommen
Das Kind erkennt und benennt verschiedene Zeichen und Symbole im Alltag.;Sprache und Kommunikation ;Kommunikation;Symbolverständnis;Förderung des Symbolverständnisses und der Fähigkeit, Zeichen zu deuten;4+;Verkehrsschilder, Piktogramme
Das Kind ahmt Tierlaute nach und zeigt Freude daran.;Sprache und Kommunikation ;Sprachentwicklung;Lautbildung;Förderung der Lautbildung und des Sprachverständnisses;1+;Gemeinsames Singen von Tierliedern, Bilderbücher mit Tierlauten
Das Kind dreht den Kopf zu Geräuschquellen und zeigt Interesse an Geräuschen.;Sprache und Kommunikation ;Sprachentwicklung;Zuhören;Förderung des Hörvermögens und der Aufmerksamkeit für Geräusche;0-1;Rasseln, Glöckchen, Musikinstrumente
Das Kind nimmt Blickkontakt zu Bezugspersonen auf und lächelt.;Sprache und Kommunikation ;Sprachentwicklung;Kommunikation;Förderung der nonverbalen Kommunikation und der sozialen Interaktion;0-1;Gemeinsames Spielen, Singen von Liedern mit Blickkontakt
Das Kind erzählt von einem Erlebnis in der Familie und verwendet dabei Mimik und Gestik.;Sprache und Kommunikation ;Sprachentwicklung;Erzählen;Förderung der Erzählfähigkeit und des nonverbalen Ausdrucks;3+;Gesprächskreise, in denen Kinder von ihren Erlebnissen erzählen
Das Kind zeigt Vorlieben für bestimmte Lieder oder Reime und möchte diese immer wieder hören.;Sprache und Kommunikation ;Sprachentwicklung;Vorlieben;Förderung des Sprachverständnisses und des Rhythmusgefühls;2+;Gemeinsames Singen von Lieblingsliedern, Vorlesen von Reimen
Das Kind spricht in verschiedenen Lautstärken und ahmt verschiedene Stimmen nach.;Sprache und Kommunikation ;Sprachentwicklung;Ausdruck;Förderung der stimmlichen Ausdrucksfähigkeit und der Kreativität;3+;Rollenspiele, in denen Kinder verschiedene Rollen übernehmen
Das Kind verwendet zunehmend komplexere Sätze und benennt Gegenstände mit korrekten Artikeln.;Sprache und Kommunikation ;Sprachentwicklung;Grammatik;Förderung der grammatikalischen Fähigkeiten und des Wortschatzes;4+;Bilderbücher, in denen Gegenstände benannt werden
"Das Kind benennt sich selbst mit Namen und verwendet das Pronomen ""ich"".";Sprache und Kommunikation ;Sprachentwicklung;Selbstwahrnehmung;Förderung der Selbstwahrnehmung und der sprachlichen Identitätsbildung;3+;Spiegelspiele, in denen Kinder sich selbst benennen
Das Kind stellt viele Fragen und zeigt Interesse an neuen Wörtern.;Sprache und Kommunikation ;Sprachentwicklung;Neugierde;Förderung der Neugierde und des Wortschatzes;4+;Ausflüge, bei denen neue Gegenstände und Situationen erlebt werden
Das Kind hört gerne Geschichten und kann diese nacherzählen.;Sprache und Kommunikation ;Sprachentwicklung;Zuhören;Förderung des Hörverständnisses und der Erzählfähigkeit;4+;Vorlesen von Geschichten, Erzählrunden
Das Kind äußert seine Gedanken und Wünsche in Einzelgesprächen mit Erwachsenen.;Sprache und Kommunikation ;Sprachentwicklung;Gesprächsfähigkeit;Förderung der Gesprächsfähigkeit und der Fähigkeit, sich auszudrücken;4+;Einzelgespräche, in denen Kinder über ihre Interessen sprechen
Das Kind ahmt die Sprache von Erwachsenen nach und verwendet dabei korrekte Satzstrukturen.;Sprache und Kommunikation ;Sprachentwicklung;Sprachvorbild;Förderung der sprachlichen Fähigkeiten durch Nachahmung;4+;Gemeinsame Aktivitäten, bei denen Kinder die Sprache von Erwachsenen beobachten und nachahmen
Das Kind erzählt von Erlebnissen mit Büchern oder anderen Medien in der Familie.;Sprache und Kommunikation ;Sprachentwicklung;Mediennutzung;Förderung des Interesses an Büchern und Medien;3+;Gespräche über Lieblingsbücher, Vorlesen von Geschichten
Das Kind fragt nach der Bedeutung seines Namens und erzählt von Namensgeschichten.;Sprache und Kommunikation ;Sprachentwicklung;Namensbedeutung;Förderung des Interesses an Namen und ihrer Bedeutung;4+;Gespräche über Namen, Namensspiele
Das Kind spricht in verschiedenen Sprachen und zeigt Interesse an anderen Sprachen.;Sprache und Kommunikation ;Sprachentwicklung;Mehrsprachigkeit;Förderung der Mehrsprachigkeit und des Interesses an anderen Sprachen;4+;Lieder und Geschichten in verschiedenen Sprachen, Besuch von Sprachkursen
Das Kind zeigt Freude an Lautspielen und erfindet eigene Wörter.;Sprache und Kommunikation ;Sprachentwicklung;Kreativität;Förderung der Kreativität und des spielerischen Umgangs mit Sprache;3+;Reimspiele, Nonsensverse
Das Kind reagiert freudig auf Ansprache und sucht den Kontakt zu anderen Kindern.;Sprache und Kommunikation ;Sprachentwicklung;Kommunikation;Förderung der sozialen Interaktion und des Interesses an Kommunikation;2+;Freies Spiel, bei dem Kinder miteinander interagieren
Das Kind zeigt Interesse an der Lautbildung und übt verschiedene Laute.;Sprache und Kommunikation ;Sprachentwicklung;Lautbildung;Förderung der Lautbildung und der Artikulation;2+;Lautspiele, Reime
Das Kind benennt Gegenstände in seiner Umgebung und fragt nach deren Namen.;Sprache und Kommunikation ;Sprachentwicklung;Wortschatz;Förderung des Wortschatzes und des Interesses an neuen Wörtern;2+;Bilderbücher, in denen Gegenstände benannt werden
Das Kind äußert seine Wünsche und Bedürfnisse deutlich und bestimmt.;Sprache und Kommunikation ;Sprachentwicklung;Selbstbehauptung;Förderung der Fähigkeit, sich auszudrücken und seine Bedürfnisse zu äußern;3+;Rollenspiele, in denen Kinder ihre Wünsche äußern
Das Kind zeigt Interesse an Reimen und Versen und versucht, diese nachzusprechen.;Sprache und Kommunikation ;Sprachentwicklung;Reime;Förderung des Rhythmusgefühls und des Sprachverständnisses;3+;Gemeinsames Sprechen von Reimen, Klatschen im Rhythmus
Das Kind hört gerne Geschichten und zeigt Interesse an Büchern.;Sprache und Kommunikation ;Sprachentwicklung;Zuhören;Förderung des Hörverständnisses und der Freude am Vorlesen;3+;Vorlesen von Geschichten, Bilderbücher
Das Kind ahmt die Sprache von Erwachsenen nach und verwendet dabei korrekte Satzstrukturen.;Sprache und Kommunikation ;Sprachentwicklung;Sprachvorbild;Förderung der sprachlichen Fähigkeiten durch Nachahmung;4+;Gemeinsame Aktivitäten, bei denen Kinder die Sprache von Erwachsenen beobachten und nachahmen
Das Kind erzählt von Erlebnissen mit Büchern oder anderen Medien in der Familie.;Sprache und Kommunikation ;Sprachentwicklung;Mediennutzung;Förderung des Interesses an Büchern und Medien;3+;Gespräche über Lieblingsbücher, Vorlesen von Geschichten
Das Kind fragt nach der Bedeutung seines Namens und erzählt von Namensgeschichten.;Sprache und Kommunikation ;Sprachentwicklung;Namensbedeutung;Förderung des Interesses an Namen und ihrer Bedeutung;4+;Gespräche über Namen, Namensspiele
Das Kind spricht in verschiedenen Sprachen und zeigt Interesse an anderen Sprachen.;Sprache und Kommunikation ;Sprachentwicklung;Mehrsprachigkeit;Förderung der Mehrsprachigkeit und des Interesses an anderen Sprachen;4+;Lieder und Geschichten in verschiedenen Sprachen, Besuch von Sprachkursen
Das Kind reagiert auf andere Kinder durch Hinwendung, Blickkontakt oder Lautäußerungen.;Sprache und Kommunikation ;Sprachentwicklung;Kommunikation;Förderung der nonverbalen und verbalen Kommunikation;0-1;Freies Spiel, gemeinsame Aktivitäten
Das Kind unterhält sich mit anderen Kindern und benutzt dabei die Namen aller Kinder/Erwachsenen.;Sprache und Kommunikation ;Sprachentwicklung;Gesprächsfähigkeit;Förderung der Gesprächsfähigkeit und des sozialen Miteinanders;3+;Freies Spiel, Rollenspiele
Das Kind kann sich anderen Kindern mitteilen und zeigt dabei verschiedene nonverbale Kommunikationsformen.;Sprache und Kommunikation ;Sprachentwicklung;Kommunikation;Förderung der nonverbalen und verbalen Kommunikation;2+;Freies Spiel, Rollenspiele
Das Kind nimmt Redewendungen und Worte anderer Menschen auf und gebraucht sie aktiv für eigene Zwecke.;Sprache und Kommunikation ;Sprachentwicklung;Wortschatz;Erweiterung des Wortschatzes und der sprachlichen Ausdrucksfähigkeit;4+;Vorlesen von Geschichten, Gesprächskreise
Das Kind benutzt verschiedene Äußerungsformen beim Danken, Bitten, Grüßen, sich Entschuldigen.;Sprache und Kommunikation ;Sprachentwicklung;Soziale Kompetenz;Förderung der sozialen Kompetenz und des angemessenen Sprachgebrauchs;3+;Rollenspiele, Gesprächskreise
Das Kind bringt sich aktiv und verständlich in Gesprächen ein und beteiligt sich an Gesprächen zur Alltagsgestaltung, zur Planung oder bei der Aushandlung von Regeln.;Sprache und Kommunikation ;Sprachentwicklung;Gesprächsfähigkeit;Förderung der Gesprächsfähigkeit und der Fähigkeit, sich in Gesprächen einzubringen;5+;Gesprächskreise, Planung von Aktivitäten
Das Kind ist eher sprachdominant oder kommt eher weniger zu Wort.;Sprache und Kommunikation ;Sprachentwicklung;Gesprächsfähigkeit;Förderung der Gesprächsfähigkeit und des Selbstbewusstseins;4+;Einzelgespräche, Rollenspiele
Das Kind nutzt sprachliche Mittel, um seine Interessen in Konflikten durchzusetzen.;Sprache und Kommunikation ;Sprachentwicklung;Konfliktlösung;Förderung der Konfliktlösungskompetenz und des angemessenen Sprachgebrauchs;5+;Rollenspiele, Gesprächskreise
Das Kind beteiligt sich an Gesprächen über vergangene Erlebnisse und ist interessiert, den Anderen etwas aus der Kita zu erzählen.;Sprache und Kommunikation ;Sprachentwicklung;Erzählfähigkeit;Förderung der Erzählfähigkeit und des Interesses an Kommunikation;4+;Gesprächskreise, Erzählen von Erlebnissen
Das Kind nutzt die Aufzeichnungen in seinem Portfolio, um mit anderen Kindern oder Erwachsenen über Erlebnisse zu sprechen.;Sprache und Kommunikation ;Sprachentwicklung;Dokumentation;Förderung der Dokumentationsfähigkeit und der Erzählfähigkeit;5+;Sprachlerntagebuch, Gesprächskreise
Das Kind zeigt Vorlieben für bestimmte Bücher, Geschichten, Helden, Lieder oder Reime.;Sprache und Kommunikation ;Sprachentwicklung;Vorlieben;Förderung des Interesses an Büchern, Geschichten, Liedern und Reimen;3+;Vorlesen von Geschichten, Singen von Liedern
Das Kind bezieht Zeichen, Signale, Symbole, Buchstaben oder Zahlen in seine Tätigkeiten ein.;Sprache und Kommunikation ;Sprachentwicklung;Symbolverständnis;Förderung des Symbolverständnisses und der Fähigkeit, Zeichen zu deuten;4+;Freies Spiel, Spiele mit Symbolen
Das Kind kennt verschiedene visuelle oder schriftliche Darstellungsformen.;Sprache und Kommunikation ;Sprachentwicklung;Schriftkultur;Förderung des Interesses an Schrift und visuellen Darstellungsformen;5+;Bilderbücher, Spiele mit Buchstaben und Zahlen
Das Kind spricht mit anderen Kindern über Medienerlebnisse und spielt sie allein oder mit anderen nach.;Sprache und Kommunikation ;Sprachentwicklung;Medienkompetenz;Förderung der Medienkompetenz und der Fähigkeit, Medienerlebnisse zu verarbeiten;5+;Gesprächskreise, Rollenspiele
Das Kind setzt sich mit medialen Erlebnissen auseinander und äußert seine Eindrücke.;Sprache und Kommunikation ;Sprachentwicklung;Medienkompetenz;Förderung der Medienkompetenz und der Fähigkeit, Medienerlebnisse zu reflektieren;5+;Gesprächskreise, Rollenspiele
Das Kind spricht in verschiedenen Situationen verschiedene Sprachen mit anderen Kindern.;Sprache und Kommunikation ;Sprachentwicklung;Mehrsprachigkeit;Förderung der Mehrsprachigkeit und des Interesses an anderen Sprachen;5+;Freies Spiel, Rollenspiele
Das Kind trifft in der Kita auf die eigene(n) Sprache(n) und hat Spielpartner, die diese Sprache sprechen.;Sprache und Kommunikation ;Sprachentwicklung;Mehrsprachigkeit;Förderung der Mehrsprachigkeit und des Zugehörigkeitsgefühls;4+;Freies Spiel, Rollenspiele
Das Kind zeigt Interesse an den Sprachkompetenzen von Eltern, Geschwistern, Großeltern.;Sprache und Kommunikation ;Sprachentwicklung;Sprachvorbild;Förderung des Interesses an Sprache und der Einbeziehung von Familienmitgliedern;4+;Elternnachmittage, Erzählen von Familiengeschichten
Das Kind stellt Fragen zu unbekannten Wörtern und zeigt Interesse an deren Bedeutung.;Sprache und Kommunikation ;Sprachentwicklung;Wortschatzentwicklung;Förderung der Neugier und des Interesses an Sprache;4+;Bilderbücher, in denen neue Wörter vorkommen
Das Kind verwendet Körpersprache, um seine Gefühle und Absichten auszudrücken.;Sprache und Kommunikation ;Sprachentwicklung;Nonverbale Kommunikation;Förderung der nonverbalen Kommunikationsfähigkeit;3+;Rollenspiele, in denen Gefühle dargestellt werden
Das Kind erkennt und benennt verschiedene Zeichen und Symbole im Alltag.;Sprache und Kommunikation ;Sprachentwicklung;Symbolverständnis;Förderung des Symbolverständnisses und der Fähigkeit, Zeichen zu deuten;4+;Verkehrsschilder, Piktogramme
Das Kind verwendet technische Geräte, um Geschichten zu hören oder Bilder anzusehen.;Sprache und Kommunikation ;Sprachentwicklung;Medienkompetenz;Förderung der Medienkompetenz und des Interesses an verschiedenen Medien;5+;Hörspiele, Bilderbücher auf dem Tablet
Das Kind nimmt an Gesprächen teil und hält sich an Gesprächsregeln.;Sprache und Kommunikation ;Sprachentwicklung;Gesprächsfähigkeit;Förderung der Gesprächsfähigkeit und der Fähigkeit, sich in Gesprächen einzubringen;4+;Gesprächskreise, Rollenspiele
Das Kind hört aufmerksam zu, wenn andere Kinder sprechen, und zeigt Verständnis für deren Gefühle.;Sprache und Kommunikation ;Sprachentwicklung;Empathie;Förderung der Empathie und der Fähigkeit, sich in andere hineinzuversetzen;4+;Gesprächskreise, in denen über Gefühle gesprochen wird
Das Kind erzählt von Erlebnissen mit Büchern oder anderen Medien in der Familie.;Sprache und Kommunikation ;Sprachentwicklung;Mediennutzung;Förderung des Interesses an Büchern und Medien;3+;Gespräche über Lieblingsbücher, Vorlesen von Geschichten
Das Kind fragt nach der Bedeutung seines Namens und erzählt von Namensgeschichten.;Sprache und Kommunikation ;Sprachentwicklung;Namensbedeutung;Förderung des Interesses an Namen und ihrer Bedeutung;4+;Gespräche über Namen, Namensspiele
Das Kind erzählt von seinen Gefühlen und Absichten und benutzt dabei differenzierte Sprache.;Sprache und Kommunikation ;Kommunikation;Sprachliche Ausdrucksfähigkeit;Förderung der differenzierten sprachlichen Ausdrucksfähigkeit;4+;Gesprächskreise, Rollenspiele
Das Kind spricht lautlich korrekt und ist für andere gut verständlich.;Sprache und Kommunikation ;Kommunikation;Artikulation;Förderung der deutlichen Aussprache;3+;Reime, Lieder, Zungenbrecher
Das Kind vertritt seine Meinung und begründet sie.;Sprache und Kommunikation ;Kommunikation;Meinungsbildung;Förderung der Fähigkeit, eine eigene Meinung zu bilden und zu vertreten;5+;Diskussionen, Abstimmungen
Das Kind zeigt Freude am Gebrauch von Sprache und entwickelt Sinn für Sprachwitz.;Sprache und Kommunikation ;Kommunikation;Sprachgefühl;Förderung des Sprachgefühls und der Kreativität;4+;Wortspiele, Reime, Witze
Das Kind kennt und nutzt künstlerische Formen von Sprache (Gedichte, Lieder, Reime).;Sprache und Kommunikation ;Kommunikation;Sprachkultur;Förderung des Interesses an Sprachkultur;4+;Singen, Reime, Gedichte vortragen
Das Kind zeigt Interesse an nonverbaler Kontaktaufnahme und tauscht sich nonverbal aus.;Sprache und Kommunikation ;Kommunikation;Nonverbale Kommunikation;Förderung der nonverbalen Kommunikationsfähigkeit;2+;Mimikspiele, Pantomime
Das Kind hört aufmerksam zu und reagiert auf das Gehörte mit Kommentaren, Handlungen und Fragen.;Sprache und Kommunikation ;Kommunikation;Zuhören;Förderung der aktiven Zuhörfähigkeit;3+;Gesprächskreise, Rollenspiele
Das Kind lernt, unterschiedliche Interessen auszuhandeln.;Sprache und Kommunikation ;Kommunikation;Konfliktlösung;Förderung der Konfliktlösungskompetenz;5+;Rollenspiele, Gesprächskreise
Das Kind beobachtet die Kommunikation anderer und lernt daraus.;Sprache und Kommunikation ;Kommunikation;Beobachtung;Förderung der Beobachtungsfähigkeit und des Lernens durch Beobachtung;4+;Freies Spiel, Rollenspiele
Das Kind orientiert seine Beiträge am Thema der Gruppe.;Sprache und Kommunikation ;Kommunikation;Gesprächsführung;Förderung der Fähigkeit, themenbezogen zu kommunizieren;5+;Gesprächskreise, Diskussionen
Das Kind bespricht und spielt mit anderen Medienerlebnisse.;Sprache und Kommunikation ;Kommunikation;Medienkompetenz;Förderung der Medienkompetenz und der Fähigkeit, Medienerlebnisse zu verarbeiten;5+;Gesprächskreise, Rollenspiele
Das Kind passt seine Kommunikation an die Situation an.;Sprache und Kommunikation ;Kommunikation;Situationsangemessene Kommunikation;Förderung der Fähigkeit, situationsangemessen zu kommunizieren;5+;Rollenspiele, Gesprächskreise
Das Kind gebraucht relationale Begriffe (ich-du, hier-dort, jetzt-dann).;Sprache und Kommunikation ;Kommunikation;Begriffsverständnis;Förderung des Begriffsverständnisses;4+;Spiele mit relationalen Begriffen, Gesprächskreise
Das Kind unterscheidet verschiedene Sprachen und Schriften.;Sprache und Kommunikation ;Kommunikation;Sprachbewusstsein;Förderung des Sprachbewusstseins;5+;Bilderbücher in verschiedenen Sprachen, Schriften vergleichen
Das Kind hat Grundkenntnisse im Umgang mit Schreibgeräten, Computern, Tablets und Smartphones.;Sprache und Kommunikation ;Kommunikation;Medienkompetenz;Förderung der Medienkompetenz;5+;Umgang mit verschiedenen Medien
Das Kind schreibt seinen Namen und spricht die Namen anderer Kinder richtig aus.;Sprache und Kommunikation ;Kommunikation;Schriftkultur;Förderung der Schriftkultur;5+;Namensspiele, Schreiben üben
Das Kind erzählt Ereignisse nach und spricht über Vergangenes, Gegenwärtiges und Zukünftiges.;Sprache und Kommunikation ;Kommunikation;Erzählfähigkeit;Förderung der Erzählfähigkeit und des Zeitverständnisses;4+;Gesprächskreise, Erzählen von Erlebnissen
Das Kind denkt sich Geschichten aus und erzählt sie.;Sprache und Kommunikation ;Kommunikation;Kreativität;Förderung der Kreativität und der Erzählfähigkeit;5+;Freies Erzählen, Bildergeschichten
Das Kind nutzt verschiedene Möglichkeiten, um Botschaften zu vermitteln.;Sprache und Kommunikation ;Kommunikation;Kommunikationsstrategien;Förderung der Fähigkeit, verschiedene Kommunikationsmittel zu nutzen;5+;Rollenspiele, Präsentationen
Das Kind fragt nach der Bedeutung von Wörtern und schaut sich Wörterbücher oder Sachbücher an.;Sprache und Kommunikation ;Kommunikation;Wortschatzentwicklung;Förderung der Wortschatzentwicklung und der Fähigkeit, Informationen zu suchen;5+;Bilderbücher, Wörterbücher
Das Kind arbeitet mit anderen zusammen und gibt sein Wissen weiter.;Sprache und Kommunikation ;Kommunikation;Kooperation;Förderung der Kooperationsfähigkeit und des Wissensaustauschs;5+;Gruppenprojekte, gemeinsame Spiele
Das Kind nutzt Bücher und elektronische Medien als Informationsquelle.;Sprache und Kommunikation ;Kommunikation;Medienkompetenz;Förderung der Medienkompetenz und der Fähigkeit, Informationen zu suchen;5+;Recherche im Internet, Bücher lesen
Das Kind erzählt von seinen Interessen und beantwortet Fragen dazu.;Sprache und Kommunikation ;Sprachentwicklung;Gesprächsfähigkeit;Förderung der Gesprächsfähigkeit und des Interesses an Kommunikation;4+;Regelmäßige Gespräche, Kinderrunden
Das Kind nimmt aktiv am Morgenkreis teil und bringt eigene Ideen ein.;Sprache und Kommunikation ;Sprachentwicklung;Partizipation;Förderung der Partizipation und des Interesses an Gruppenaktivitäten;5+;Morgenkreis, Kinderkonferenzen
Das Kind verwendet komplexere Sätze und einen größeren Wortschatz.;Sprache und Kommunikation ;Sprachentwicklung;Wortschatz;Erweiterung des Wortschatzes und der sprachlichen Ausdrucksfähigkeit;5+;Gezielte sprachliche Anregungen
Das Kind erzählt mit Hilfe von Erzählsteinen oder Puppen Geschichten.;Sprache und Kommunikation ;Sprachentwicklung;Erzählfähigkeit;Förderung der Erzählfähigkeit und der Kreativität;4+;Erzählsteine, Puppenspiele
Das Kind hält sich an Gesprächsregeln und erinnert andere Kinder daran.;Sprache und Kommunikation ;Sprachentwicklung;Gesprächsregeln;Förderung der Fähigkeit, Gesprächsregeln einzuhalten;5+;Gesprächsregeln entwickeln
Das Kind reimt Wörter und erfindet Zungenbrecher.;Sprache und Kommunikation ;Sprachentwicklung;Sprachgefühl;Förderung des Sprachgefühls und der Kreativität;4+;Gedichte, Zungenbrecher, Reime sammeln
Das Kind erfindet Geschichten und schreibt sie auf oder malt Bilder dazu.;Sprache und Kommunikation ;Sprachentwicklung;Kreativität;Förderung der Kreativität und der Erzählfähigkeit;5+;Geschichten erfinden, malen, spielen
Das Kind erzählt von eigenen Erlebnissen und motiviert andere Kinder zum Erzählen.;Sprache und Kommunikation ;Sprachentwicklung;Erzählfähigkeit;Förderung der Erzählfähigkeit und des Interesses an Kommunikation;4+;Von eigenen Erlebnissen erzählen
Das Kind erfindet neue Wörter und verwendet sie im Spiel.;Sprache und Kommunikation ;Sprachentwicklung;Wortschöpfungen;Förderung der Kreativität und des spielerischen Umgangs mit Sprache;4+;Wortschöpfungen aufgreifen
Das Kind erzählt Geschichten nach und lädt andere Kinder zum Miterzählen ein.;Sprache und Kommunikation ;Sprachentwicklung;Erzählfähigkeit;Förderung der Erzählfähigkeit und des Interesses an Geschichten;4+;Beim Vorlesen zum Miterzählen einladen
Das Kind philosophiert mit anderen Kindern über verschiedene Themen.;Sprache und Kommunikation ;Sprachentwicklung;Philosophieren;Förderung der Fähigkeit, über abstrakte Themen nachzudenken;5+;Regelmäßig philosophieren
Das Kind spielt Klanggeschichten und experimentiert mit Lauten.;Sprache und Kommunikation ;Sprachentwicklung;Lautbewusstsein;Förderung des Lautbewusstseins und der Kreativität;3+;Klanggeschichten, Buchstabenspaziergänge, Silbenhüpfen
Das Kind erzählt Geschichten mit Hilfe von Sprachwürfeln.;Sprache und Kommunikation ;Sprachentwicklung;Erzählfähigkeit;Förderung der Erzählfähigkeit und der Kreativität;4+;Sprachwürfel verwenden
Das Kind erzählt Märchen nach und verwendet dabei Gegenstände und Figuren aus einem Märchensäckchen.;Sprache und Kommunikation ;Sprachentwicklung;Erzählfähigkeit;Förderung der Erzählfähigkeit und des Interesses an Märchen;4+;Märchen-/Erzählsäckchen verwenden
Das Kind stellt Spiele her und erklärt die Regeln.;Sprache und Kommunikation ;Sprachentwicklung;Kreativität;Förderung der Kreativität und der Fähigkeit, Regeln zu formulieren;5+;Spiele selber herstellen
Das Kind verwendet verschiedene Materialien, um Geschichten zu erzählen.;Sprache und Kommunikation ;Sprachentwicklung;Erzählfähigkeit;Förderung der Erzählfähigkeit und der Kreativität;4+;(Tier-)Figuren, Naturmaterialien verwenden
Das Kind verwendet GuK-Karten zur Sprachanbahnung.;Sprache und Kommunikation ;Sprachentwicklung;Kommunikation;Förderung der Kommunikation und der Gebärdenverständigung;3+;GuK-Karten verwenden
Das Kind stellt Rätsel und löst sie.;Sprache und Kommunikation ;Sprachentwicklung;Sprachgefühl;Förderung des Sprachgefühls und der Kreativität;4+;Rätsel stellen und lösen
Das Kind verwendet verschiedene Präsentationsformen, um seine Arbeiten zu präsentieren.;Sprache und Kommunikation ;Sprachentwicklung;Präsentation;Förderung der Präsentationsfähigkeit und der Kreativität;5+;Präsentationsformen verwenden
Das Kind beschreibt, was es am Wochenende erlebt hat.;Sprache und Kommunikation ;Sprachentwicklung;Erzählfähigkeit;Förderung der narrativen Kompetenz und des Selbstbezugs;4+;Erzählkreise, Wochenenderzählung, Gesprächsrunden mit Gegenstand
Das Kind spricht betont und verändert seine Stimme beim Vorlesen.;Sprache und Kommunikation ;Sprachentwicklung;Sprachgestaltung;Förderung der Ausdrucksfähigkeit und Betonung;5+;Vorlesespiele, Stimmübungen, Gedichte sprechen
Das Kind fragt gezielt nach neuen Wörtern.;Sprache und Kommunikation ;Sprachentwicklung;Wortschatzerweiterung;Förderung der Sprachneugier und Begriffsbildung;3+;Bildkarten, Wortschatzkiste, Gegenstandsgeschichten
Das Kind benutzt Redewendungen aus bekannten Geschichten im Alltag.;Sprache und Kommunikation ;Sprachentwicklung;Transferfähigkeit;Förderung der Anwendungsfähigkeit von Sprache;5+;Sprichwort-Memory, Redewendungs-Geschichten, Alltagssprache beobachten
Das Kind bildet Reime und Silbenspiele.;Sprache und Kommunikation ;Sprachentwicklung;Sprachrhythmus;Förderung des phonologischen Bewusstseins;4+;Reimspiele, Klanggeschichten, Silbenklatschen
Das Kind beginnt Sätze mit „Ich denke…“ oder „Ich finde…“.;Sprache und Kommunikation ;Sprachentwicklung;Meinungsäußerung;Förderung der dialogischen Kompetenzen und Selbstreflexion;5+;Meinungskreis, Gespräch über Gefühle, Diskussionskarten
Das Kind fragt ein anderes Kind nach seiner Meinung.;Sprache und Kommunikation ;Sprachentwicklung;Gesprächsführung;Förderung des dialogischen Austauschs;4+;Rollenspiele, Gesprächskreise, Fragenkarten
Das Kind benennt eigene Gefühle in Worten.;Sprache und Kommunikation ;Sprachentwicklung;Gefühlsausdruck;Förderung des emotionalen Wortschatzes;3+;Gefühlskarten, Gespräch über Emotionen, Bilderbuchanalyse
Das Kind erzählt eine eigene erfundene Geschichte.;Sprache und Kommunikation ;Sprachentwicklung;Kreatives Erzählen;Förderung der Sprachfantasie und Strukturierung von Erzählungen;5+;Geschichtenwürfel, Erzähltheater, Tonaufnahmen
Das Kind wiederholt gezielt Wörter, um richtig sprechen zu lernen.;Sprache und Kommunikation ;Sprachentwicklung;Sprachkorrektur;Förderung der Lautbildung und sprachlichen Selbstkontrolle;4+;Spiegelübungen, Sprechspiele, Mundmotoriktraining
Das Kind nennt Gegenstände in mehreren Sprachen.;Sprache und Kommunikation ;Sprachentwicklung;Mehrsprachigkeit;Förderung der sprachlichen Vielfalt und Wertschätzung;4+;Mehrsprachige Bilderbücher, Wörter sammeln, Sprachmemory
Das Kind gibt Spielregeln sprachlich korrekt wieder.;Sprache und Kommunikation ;Sprachentwicklung;Regelkommunikation;Förderung der Strukturierung sprachlicher Abläufe;5+;Rollenspiele mit Spielanleitung, Regelkarten gestalten, Nachspielen
Das Kind fragt: „Was heißt das?“ beim Hören neuer Begriffe.;Sprache und Kommunikation ;Sprachentwicklung;Begriffsklärung;Förderung des semantischen Verständnisses;3+;Wortkarten erklären, Begriffe zeichnen, Bedeutungs-Memory
Das Kind erzählt von einem Film, den es gesehen hat.;Sprache und Kommunikation ;Sprachentwicklung;Nacherzählung;Förderung der Inhaltswiedergabe und sprachlichen Struktur;5+;Filmplakate gestalten, Erzählrunden, Figuren-Rollenspiel
Das Kind hört aktiv zu und stellt Rückfragen.;Sprache und Kommunikation ;Sprachentwicklung;Aktives Zuhören;Förderung der auditiven Verarbeitung und Gesprächskultur;4+;Zuhörgeschichten, Fragenkarten, Partnergespräche
Das Kind verwendet beim Sprechen verschiedene Zeitformen.;Sprache und Kommunikation ;Sprachentwicklung;Grammatikverständnis;Förderung der sprachlichen Korrektheit und Flexibilität;5+;Zeitreise-Geschichten, Verbspiele, Sätze umwandeln
Das Kind erklärt einem anderen Kind ein Spiel.;Sprache und Kommunikation ;Sprachentwicklung;Erklären;Förderung der Strukturierung und Verständlichkeit von Sprache;4+;Erklärfilme drehen, Rollentausch-Spiele, Erklärkarten nutzen
Das Kind singt mit und ergänzt Liedtexte selbständig.;Sprache und Kommunikation ;Sprachentwicklung;Sprachmelodie;Förderung von Rhythmusgefühl und Ausdruck;3+;Liedertexte mit Lücken, Singkreise, Rhythmusspiele
Das Kind stellt Hypothesen in Frageform: „Was wäre wenn…?“;Sprache und Kommunikation ;Sprachentwicklung;Hypothetisches Denken;Förderung von Sprachlogik und Kreativität;5+;Phantasiereisen, Zukunftsgeschichten, „Was wäre wenn“-Karten
Das Kind beteiligt sich aktiv an einem Interviewspiel.;Sprache und Kommunikation ;Sprachentwicklung;Fragen und Antworten;Förderung von Gesprächsstruktur und Rollenverteilung;5+;Mikrofon-Spiel, Interview mit Puppen, Fragenkärtchen
Das Kind verwendet Begriffe aus Fachbereichen („Das ist ein Vulkan!“);Sprache und Kommunikation ;Sprachentwicklung;Fachsprache;Förderung des thematischen Wortschatzes;5+;Sachbuchstation, Wortfelder bauen, Museumsdialoge
Das Kind beginnt eine Geschichte mit: „Es war einmal…“;Sprache und Kommunikation ;Sprachentwicklung;Erzählbeginn;Förderung der Strukturierung von Erzählungen;4+;Anfangssätze finden, Geschichtenbaum, Erzählsäckchen
Das Kind ruft beim Bilderbuch: „Ich weiß, wie es weitergeht!“;Sprache und Kommunikation ;Sprachentwicklung;Sprachvorhersage;Förderung des Textverständnisses und Sprachschlussfolgerns;4+;Geschichte unterbrechen, Vorhersagekarten, Fortsetzungsspiele
Das Kind präsentiert stolz ein Bild mit Beschreibung.;Sprache und Kommunikation ;Sprachentwicklung;Bildbeschreibung;Förderung der Sprechfreude und Ausdrucksfähigkeit;3+;Bildergalerie, Kunst-Erzählkreis, Satzbausteine
Das Kind spielt mit Lauten und spricht unsinnige Wörter.;Sprache und Kommunikation ;Sprachentwicklung;Lautbewusstsein;Förderung der Lautdifferenzierung und Spielfreude mit Sprache;3+;Nonsenswörter erfinden, Lautspiele, Quatschgeschichten
Das Kind reflektiert über die Sprache: „Das klingt komisch“;Sprache und Kommunikation ;Sprachentwicklung;Sprachbewusstsein;Förderung von Sprachreflexion und Metakognition;5+;Sprachexperimente, Dialekt-Vergleiche, Klangkarten
Das Kind kann eigene Aussagen begründen („Weil...“);Sprache und Kommunikation ;Sprachentwicklung;Argumentation;Förderung des logischen Denkens und sprachlichen Zusammenhangs;5+;Begründungsspiele, Meinungsrunde, Pro-und-Contra-Karten
Das Kind bemerkt Wortspiele in Reimen oder Witzen.;Sprache und Kommunikation ;Sprachentwicklung;Sprachspielkompetenz;Förderung der Freude an Sprachwitz und Kreativität;4+;Witzewettbewerb, Reimgeschichten, Sprachspielrunde
Das Kind entwickelt eigene Liedstrophen oder Gedichte.;Sprache und Kommunikation ;Sprachentwicklung;Sprachproduktion;Förderung der kreativen Sprache und Eigenaktivität;5+;Liedwerkstatt, Gedichtbausteine, „Ich erfinde“-Rituale
Das Kind spricht in einem Erzählkreis frei vor der Gruppe.;Sprache und Kommunikation ;Sprachentwicklung;Freies Sprechen;Förderung von Sprechfreude und Selbstvertrauen;4+;Erzählstein, Sprechstuhl, Präsentation mit Plakat
Das Kind fragt: „Was bedeutet das Wort genau?“;Sprache und Kommunikation ;Sprachentwicklung;Wortschatzbildung;Förderung der Begriffsbildung und des Sprachinteresses;4+;Wörterbuch für Kinder gestalten, Wortschatzposter, Wort-der-Woche-Karte
Das Kind verwendet in einem Spiel Fachbegriffe („Thermometer“, „Stethoskop“);Sprache und Kommunikation ;Sprachentwicklung;Sachsprache;Förderung des fachspezifischen Wortschatzes;5+;Rollenspiele mit Berufsmaterialien, Begriffekarten, Sachbilderbücher
Das Kind bittet um Wiederholung, wenn es etwas nicht verstanden hat.;Sprache und Kommunikation ;Sprachentwicklung;Verständnissicherung;Förderung von Sprachbewusstsein und Nachfragen;3+;Nachfragespiele, Kommunikationsregeln erarbeiten, Partnerinterviews
Das Kind stellt bei neuen Begriffen eigene Erklärungsversuche an.;Sprache und Kommunikation ;Sprachentwicklung;Sprachproduktion;Förderung von Sprachselbstständigkeit und Experimentierfreude;5+;Begriffe erfinden, Fantasiewörter erklären, Sprachforscher-Projekte
Das Kind beginnt Gespräche mit anderen Kindern.;Sprache und Kommunikation ;Sprachentwicklung;Initiative Kommunikation;Förderung von Gesprächsfreude und Kontaktaufnahme;3+;„Sprich mich an“-Buttons, Begrüßungsspiele, Rollenspiele zur Kontaktaufnahme
Das Kind beendet Sätze anderer Kinder korrekt.;Sprache und Kommunikation ;Sprachentwicklung;Satzbauverständnis;Förderung der grammatikalischen Sicherheit;4+;Satzbauwürfel, Geschichten ergänzen, Satzpuzzle
Das Kind liest Wörter aus Bildergeschichten laut vor.;Sprache und Kommunikation ;Sprachentwicklung;Frühleseförderung;Förderung der phonologischen Bewusstheit und Lesefreude;5+;Bildkarten mit Wörtern, Leseecken, Bücher mit Mitlesetext
Das Kind wiederholt Sprachmuster aus Reimen oder Liedern.;Sprache und Kommunikation ;Sprachentwicklung;Sprachrhythmus;Förderung des auditiven Gedächtnisses und Sprachgefühls;3+;Mitklatsch-Reime, Liedtextübungen, Rhythmusspiele
Das Kind stellt gezielt Rückfragen im Erzählkreis.;Sprache und Kommunikation ;Sprachentwicklung;Fragekompetenz;Förderung von Zuhörverstehen und Interaktion;5+;Fragekärtchen, Detektivspiele, Rollenspiel-Interviews
Das Kind verwendet Höflichkeitsfloskeln korrekt.;Sprache und Kommunikation ;Sprachentwicklung;Soziale Sprache;Förderung von Kommunikationsregeln und sozialem Miteinander;4+;„Bitte und Danke“-Spiele, Gesprächsregeln einüben, Geschichten über Umgangsformen
Das Kind verändert seine Stimme je nach Spielfigur.;Sprache und Kommunikation ;Sprachentwicklung;Stimmgestaltung;Förderung der Ausdrucksvielfalt und Rollenwahrnehmung;4+;Sprechtheater, Figurensprache-Übungen, Puppenstimmen ausprobieren
Das Kind merkt an, wenn jemand aussprechen sollte.;Sprache und Kommunikation ;Sprachentwicklung;Gesprächsregeln;Förderung von Zuhörkultur und Gesprächsführung;5+;Sprechstein einsetzen, Gesprächsregeln visualisieren, Gesprächsrituale einführen
Das Kind wählt bewusst Wörter aus, um etwas zu beschreiben.;Sprache und Kommunikation ;Sprachentwicklung;Beschreibungsfähigkeit;Förderung von Ausdruckskraft und Präzision;5+;Adjektivkarten, „Was sehe ich?“-Spiele, Gegenstandsbeschreibungen
Das Kind spricht besonders leise oder laut je nach Situation.;Sprache und Kommunikation ;Sprachentwicklung;Sprechverhalten;Förderung von Lautstärkekontrolle und Kontextsensibilität;3+;Laut-Leise-Spiele, Flüsterpost, Theaterübungen
Das Kind kann einfache Sätze in eine andere Sprache übersetzen.;Sprache und Kommunikation ;Sprachentwicklung;Mehrsprachigkeit;Förderung der Sprachflexibilität und kulturellen Kompetenz;5+;Mehrsprachige Wörterkarten, Sprachporträts, Übersetzungsspiele
Das Kind versucht Reime zu erraten.;Sprache und Kommunikation ;Sprachentwicklung;Lautbewusstsein;Förderung des phonologischen Bewusstseins und Sprachspiels;4+;Reimrätsel, Klangpaare finden, Quatschreime erfinden
Das Kind verwendet beim Rollenspiel passende Redewendungen.;Sprache und Kommunikation ;Sprachentwicklung;Kontextbezogene Sprache;Förderung von situationsangemessenem Sprechen;5+;Rollenspiele mit Requisiten, Alltagssprache-Übungen, Redewendungs-Memory
Das Kind erklärt mit eigenen Worten ein Spiel.;Sprache und Kommunikation ;Sprachentwicklung;Erklärungskompetenz;Förderung der Struktur und Klarheit beim Sprechen;5+;Spielanleitungen selbst erstellen, Erklärfilme drehen, Tandem-Spiele
Das Kind spricht spontan in Reimform.;Sprache und Kommunikation ;Sprachentwicklung;Sprachspiel;Förderung der Kreativität im Umgang mit Sprache;4+;Reimwettbewerb, Reim-Memory, Liedtext erweitern
Das Kind benennt Unterschiede zwischen zwei Begriffen.;Sprache und Kommunikation ;Sprachentwicklung;Sprachvergleich;Förderung des Begriffsverständnisses und der Differenzierung;5+;Vergleichskarten, Unterschiede beschreiben, „Was passt nicht?“
Das Kind erkennt ironische Aussagen und reagiert mit Lachen.;Sprache und Kommunikation ;Sprachentwicklung;Sprachverständnis;Förderung der Bedeutungsvielfalt und Interpretation;5+;Humorgeschichten, Witzekarten, Gespräch über doppelte Bedeutung
Das Kind erstellt selbst eine Geschichte mit Anfang, Mitte und Ende.;Sprache und Kommunikation ;Sprachentwicklung;Textaufbau;Förderung der Erzählstruktur und Kohärenz;5+;Erzählbausteine, Geschichtenheft, Story-Cube-Würfel
Das Kind verwendet Begriffe aus Medien („Das war wie im Film!“);Sprache und Kommunikation ;Sprachentwicklung;Medienbezug;Förderung des mediengestützten Wortschatzes;4+;Filmausschnitte besprechen, Bilderbuch-Film-Vergleich, Begriffs-Memory
Das Kind spricht rhythmisch mit der Trommel.;Sprache und Kommunikation ;Sprachentwicklung;Sprachrhythmus;Förderung von Sprachfluss und Taktgefühl;3+;Trommelverse, Rhythmusgedichte, Bewegungslieder
Das Kind achtet auf Wortendungen beim Sprechen.;Sprache und Kommunikation ;Sprachentwicklung;Grammatik;Förderung von Sprachrichtigkeit und Struktur;5+;Satzergänzungen, Endsilben-Memory, Grammatikspiele
Das Kind formuliert seine Gefühle in vollständigen Sätzen.;Sprache und Kommunikation ;Sprachentwicklung;Gefühlsausdruck;Förderung des emotionalen Wortschatzes;4+;Gefühlskarten mit Satzanfängen, Gespräch über Emotionen, Gefühlsplakat
Das Kind merkt an, dass jemand ein neues Wort falsch sagt.;Sprache und Kommunikation ;Sprachentwicklung;Sprachbeobachtung;Förderung von Metasprache und Aufmerksamkeit;5+;„Was stimmt nicht?“-Spiele, Selbstkorrektur-Karten, Zuhörtrainings
Das Kind bringt eigene Ideen in eine Gesprächsrunde ein.;Sprache und Kommunikation ;Sprachentwicklung;Mitteilungsfreude;Förderung der aktiven Beteiligung am Gruppengespräch;3+;Ideenrunde mit Bildkarten, Erzählstein, Themenplakat
Das Kind erzählt, was es im Bilderbuch besonders spannend fand.;Sprache und Kommunikation ;Sprachentwicklung;Leseförderung;Förderung von Textverständnis und Sprechfreude;4+;Lesezeichen basteln, Bücherbesprechung, Lesekreis
Das Kind erklärt einem anderen Kind ein Wort anhand eines Beispiels.;Sprache und Kommunikation ;Sprachentwicklung;Begriffsbildung;Förderung von Definition und sprachlicher Klarheit;5+;Wörter erklären und malen, Begriffe mit Beispielen beschreiben, Lexikon der Kinderwörter
Das Kind beschreibt ein Bild mit vielen Details.;Sprache und Kommunikation ;Sprachentwicklung;Beschreibungskompetenz;Förderung der Beobachtungsfähigkeit und des Wortschatzes;4+;Bildbeschreibungsrunden, Wimmelbild-Gespräche, "Ich sehe was, was du nicht siehst"
Das Kind stellt sich mit Namen und Alter vor.;Sprache und Kommunikation ;Sprachentwicklung;Selbstdarstellung;Förderung von Selbstbewusstsein und sprachlicher Sicherheit;3+;Namensspiele, Steckbriefkarten, Vorstellungskreis
Das Kind wiederholt Begriffe in verschiedenen Sprachen.;Sprache und Kommunikation ;Sprachentwicklung;Mehrsprachigkeit;Förderung interkultureller Kompetenzen und Sprachbewusstsein;4+;Sprachkartei, Begrüßung in vielen Sprachen, Eltern als Sprachvorbilder
Das Kind erzählt selbständig ein Erlebnis nach.;Sprache und Kommunikation ;Sprachentwicklung;Erzählkompetenz;Förderung von zeitlicher Strukturierung und Ausdruck;5+;Erzählsteine, Erlebniszeichnungen, Tagebuchrunde
Das Kind nutzt Gebärden zur Unterstützung der Sprache.;Sprache und Kommunikation ;Sprachentwicklung;Unterstützte Kommunikation;Förderung von Verständigung und Teilhabe;3+;Gebärdenlieder, Symbolkarten, Gebärdenspaziergang
Das Kind entdeckt Reime in einem Text.;Sprache und Kommunikation ;Sprachentwicklung;Sprachrhythmus;Förderung von Reimfähigkeit und phonologischer Bewusstheit;4+;Reimwortkarten, Reimgeschichten, Reimpuzzle
Das Kind sagt deutlich: „Ich bin dran!“;Sprache und Kommunikation ;Sprachentwicklung;Kommunikationsstrategien;Förderung von Gesprächsführung und Ich-Botschaften;3+;Gesprächsregeln, Redekreis mit Symbol, Ich-sage-was-Karten
Das Kind erfindet eigene Wörter für Fantasiewesen.;Sprache und Kommunikation ;Sprachentwicklung;Kreatives Sprechen;Förderung von Sprachspiel und Ausdrucksfreude;5+;Worterfinderwerkstatt, Fantasietierkarten, Märchenwerkstatt
Das Kind ergänzt eigenständig ein Gedicht.;Sprache und Kommunikation ;Sprachentwicklung;Sprachgestaltung;Förderung der Sprachlust und Textproduktion;4+;Gedichtkarten, Mitmachgedichte, Reim-Memory
Das Kind verwendet Präpositionen korrekt („unter dem Tisch“).;Sprache und Kommunikation ;Sprachentwicklung;Grammatik;Förderung der Raumwahrnehmung und Sprachstruktur;4+;Lagebeziehungsspiele, Bauklotz-Sprachspiele, Präpositionswürfel
Das Kind stellt Fragen zu neuen Wörtern in Bilderbüchern.;Sprache und Kommunikation ;Sprachentwicklung;Wortschatzentwicklung;Förderung der Neugier und Wortschatzerweiterung;3+;Wortschatzsammelheft, Bilderbuchdiskussion, Erklärungsrunde
Das Kind verwendet Redewendungen aus dem Alltag.;Sprache und Kommunikation ;Sprachentwicklung;Sprichwörter und Redewendungen;Förderung von Sprachkultur und Bedeutungsverständnis;5+;Sprichwortgeschichten, Redewendungsrätsel, Bilderbücher zu Sprichwörtern
Das Kind spricht ein Gedicht auswendig nach.;Sprache und Kommunikation ;Sprachentwicklung;Sprachspeicher;Förderung des Gedächtnisses und der Sprachstruktur;4+;Gedichte üben, Sprachtheater, Gedichtposter
Das Kind erzählt eine Geschichte mithilfe von Bildern.;Sprache und Kommunikation ;Sprachentwicklung;Bildgestütztes Erzählen;Förderung der Narration und Strukturierung;4+;Bildkarten-Geschichten, Bilderbuchtheater, Story-Cubes
Das Kind nennt unterschiedliche Bedeutungen eines Wortes.;Sprache und Kommunikation ;Sprachentwicklung;Mehrdeutigkeit;Förderung des Sprachbewusstseins und der Interpretation;5+;Wortspiele, Bedeutungsrätsel, Doppeldeutigkeitsgeschichten
Das Kind beschreibt, was es sich vorstellt, wenn es ein Wort hört.;Sprache und Kommunikation ;Sprachentwicklung;Vorstellungsbildung;Förderung von Sprachimagination und Kreativität;4+;Wortassoziationen, Fantasiegeschichten, Bildwortkarten
Das Kind reagiert sprachlich auf Witze oder Wortspiele.;Sprache und Kommunikation ;Sprachentwicklung;Humorverständnis;Förderung von Sprachwitz und sozialem Sprachumgang;4+;Witze erzählen, Sprachspielereien, Lachen erlaubt!
Das Kind bittet um Wiederholung eines Satzes, den es nicht verstanden hat.;Sprache und Kommunikation ;Sprachentwicklung;Verständniskontrolle;Förderung von Gesprächsklarheit und Kommunikationsfähigkeit;3+;Nachfragetraining, „Ich hab dich nicht verstanden“-Karten, Wiederholungsspiele
Das Kind verwendet Satzanfänge variantenreich.;Sprache und Kommunikation ;Sprachentwicklung;Satzbau;Förderung des Schreib- und Sprechausdrucks;5+;Satzanfangsplakate, Geschichtenvariationen, Satzbauwürfel
Das Kind spricht verschiedene Emotionen in Geschichten an.;Sprache und Kommunikation ;Sprachentwicklung;Gefühlssprache;Förderung des Ausdrucks innerer Zustände;4+;Gefühlskarten, Emotionsgeschichten, Bilderbücher zu Gefühlen
Das Kind benutzt ein Erzählmuster: „Zuerst – dann – am Ende“.;Sprache und Kommunikation ;Sprachentwicklung;Erzählstruktur;Förderung der zeitlichen Gliederung von Texten;5+;Geschichtenschablonen, Zeitstrahlkarten, Bildergeschichte sortieren
Das Kind benutzt den Plural korrekt im Spiel.;Sprache und Kommunikation ;Sprachentwicklung;Grammatikentwicklung;Förderung der Sprachrichtigkeit und Regelverwendung;4+;Mehrzahlkarten, Plural-Domino, Sprachregelspiele
Das Kind merkt an, wenn jemand ein „komisches“ Wort sagt.;Sprache und Kommunikation ;Sprachentwicklung;Sprachreflexion;Förderung des Sprachbewusstseins und Worterkennung;5+;Wortdetektiv-Spiele, Was-stimmt-nicht?-Karten, Sprachforscherkreis
Das Kind beginnt ein Gespräch mit einem Erwachsenen selbstständig.;Sprache und Kommunikation ;Sprachentwicklung;Gesprächsinitiative;Förderung von Mut und Selbstsicherheit;3+;Begrüßungsspiele, Gesprächsanlasskarten, Rollenspiel „Ich frage dich…“
Das Kind bildet Sätze mit Konjunktionen wie „weil“ und „aber“.;Sprache und Kommunikation ;Sprachentwicklung;Satzverbindung;Förderung der Sprachkomplexität;5+;Satzverbindungswürfel, „Geschichten weiterspinnen“, Sprachbaumkarten
Das Kind spielt eine Hörgeschichte nach.;Sprache und Kommunikation ;Sprachentwicklung;Hörverstehen;Förderung von Zuhören und Umsetzung;4+;Hörspieltheater, Geschichte aus dem Lautsprecher, Klanggeschichten
Das Kind gibt Feedback zu einem Vortrag im Morgenkreis.;Sprache und Kommunikation ;Sprachentwicklung;Sprachliches Feedback;Förderung von Kommunikationskompetenz und Reflexion;5+;Feedbackkarten, Lob-Kritik-Rituale, Zuhörprotokolle
Das Kind singt Lieder mit neuen Wörtern mit.;Sprache und Kommunikation ;Sprachentwicklung;Wortschatzerweiterung durch Musik;Förderung von musikalischem Lernen und Sprachentwicklung;3+;Mitmachlieder, Bewegungslieder mit Sprachanteil, Liedtexte gestalten
Das Kind erklärt einem jüngeren Kind ein Spiel mit einfachen Worten.;Sprache und Kommunikation ;Sprachentwicklung;Adressatenbezug;Förderung der altersgerechten Ausdrucksweise;5+;„So erklär ich’s dir“-Projekte, Patensystem, Sprachvereinfachung üben
Das Kind stellt eine „Warum“-Frage zu einem Sachverhalt.;Sprache und Kommunikation ;Sprachentwicklung;Fragekompetenz;Förderung von Neugier und sprachlicher Analyse;4+;Warum-Karten, Sachfragen-Spaziergang, Forscherfragenrunde
Das Kind beschreibt genau, was es am Wochenende erlebt hat.;Sprache und Kommunikation ;Sprachentwicklung;Erzählfähigkeit;Förderung der narrativen Kompetenz und sprachlichen Strukturierung;4+;Erzählkreis, Wochenendtagebuch, Bildkarten als Erzählhilfe
Das Kind benutzt Redewendungen wie „aus dem Häuschen sein“.;Sprache und Kommunikation ;Sprachentwicklung;Redewendungen verstehen;Förderung von Sprachgefühl und idiomatischem Ausdruck;5+;Redewendungs-Memory, Bedeutung erraten, Geschichten mit Sprichwörtern
Das Kind erfindet neue Wörter für Fantasieobjekte.;Sprache und Kommunikation ;Sprachentwicklung;Wortneuschöpfung;Förderung von Sprachspiel und Kreativität;4+;Quatschwortwerkstatt, Fantasietiere benennen, Wörtererfinder-Spiel
Das Kind versucht sich an Reimen mit eigenen Wortkreationen.;Sprache und Kommunikation ;Sprachentwicklung;Reimkompetenz;Förderung der phonologischen Bewusstheit;3+;Reimwörter-Spiel, Reimgeschichten beenden, Reime raten
Das Kind diskutiert mit anderen Kindern über die Spielregeln.;Sprache und Kommunikation ;Sprachentwicklung;Argumentationsfähigkeit;Förderung der Meinungsbildung und sprachlicher Aushandlung;5+;Regelrunde, Pro- und Contra-Spiel, Argumentieren mit Karten
Das Kind verwendet gezielt Mimik und Gestik zur Verstärkung der Sprache.;Sprache und Kommunikation ;Sprachentwicklung;Multimodale Kommunikation;Förderung der bewussten nonverbalen Unterstützung von Sprache;4+;Spiegelspiel, Pantomime mit Worten, Rollenspiele
Das Kind formuliert Geschichten zu Bildern.;Sprache und Kommunikation ;Sprachentwicklung;Bildbeschreibung und Fantasie;Förderung des freien Erzählens und Sprachflusses;4+;Bildkartengeschichten, Bilderbuch ohne Text, Erzähltheater
Das Kind spricht bewusst langsam und deutlich, um verstanden zu werden.;Sprache und Kommunikation ;Sprachentwicklung;Artikulation und Deutlichkeit;Förderung der Sprechklarheit und Verständlichkeit;5+;Sprechtraining mit Spiegel, Zungenbrecherspiele, Mikrofonrunde
Das Kind benennt Unterschiede zwischen ähnlichen Wörtern.;Sprache und Kommunikation ;Sprachentwicklung;Wortbedeutung differenzieren;Förderung des semantischen Verständnisses;5+;Synonymspiel, Gegensatzkarten, Wortvergleich-Runden
Das Kind liest seinem Kuscheltier eine Geschichte vor.;Sprache und Kommunikation ;Sprachentwicklung;Lesemotivation;Förderung der Freude an Schriftsprache;4+;Leseecke mit Puppen, Bilderbuchkino, „Ich lese dir was vor“-Ritual
Das Kind verwendet Fragewörter korrekt.;Sprache und Kommunikation ;Sprachentwicklung;Fragestruktur;Förderung grammatikalischer Strukturkenntnis;4+;Fragespiele, Fragekarten ziehen, „Ich frag dich was“-Kreis
Das Kind bringt Laute in Reimfolgen durcheinander und lacht.;Sprache und Kommunikation ;Sprachentwicklung;Lautbewusstsein;Förderung der phonologischen Achtsamkeit;3+;Laut-Memory, Quatschreime, Klanggeschichten
Das Kind bringt eigene Ideen in eine Gruppenunterhaltung ein.;Sprache und Kommunikation ;Sprachentwicklung;Gesprächsbeteiligung;Förderung von Dialogfähigkeit und Selbstwirksamkeit;4+;Erzählkreis mit Redegegenstand, Gesprächskreise, Diskussionsrunden
Das Kind ergänzt Sätze in bekannten Geschichten.;Sprache und Kommunikation ;Sprachentwicklung;Satzstruktur;Förderung der grammatikalischen Intuition;3+;Lückengeschichten, Satzanfänge vervollständigen, Mitsprechgeschichten
Das Kind macht bei einer Bewegungsgeschichte mit und sagt die passenden Wörter.;Sprache und Kommunikation ;Sprachentwicklung;Bewegungssprache;Förderung der Verknüpfung von Sprache und Körper;3+;Mitmachgeschichten, Worttanz, Sprachturnen
Das Kind erzählt, was es über ein Sachthema gelernt hat.;Sprache und Kommunikation ;Sprachentwicklung;Wissen verbalisieren;Förderung von Fachsprache und aktiver Verarbeitung;5+;Mini-Vortrag, Expertenrunde, Kindgerechtes Präsentieren
Das Kind gibt Anweisungen beim gemeinsamen Bauen.;Sprache und Kommunikation ;Sprachentwicklung;Instruktionssprache;Förderung der zielgerichteten Sprache und Kooperation;4+;„Ich sag dir wie“-Spiel, Baupläne erklären, Befehlsketten
Das Kind verwendet bewusst höfliche Sprache.;Sprache und Kommunikation ;Sprachentwicklung;Höflichkeitsformen;Förderung von sozialen Sprachformen;3+;Bitte-Danke-Rituale, Rollenspiele mit höflicher Sprache, Höflichkeitslieder
Das Kind setzt eine Erzählung fort, die ein anderes Kind begonnen hat.;Sprache und Kommunikation ;Sprachentwicklung;Kooperatives Erzählen;Förderung von Anschlusskommunikation;4+;Kettenmärchen, Geschichten-Stab, Satz-für-Satz-Erzählspiel
Das Kind unterscheidet zwischen realen und erfundenen Aussagen.;Sprache und Kommunikation ;Sprachentwicklung;Realitätsbewusstsein;Förderung von Unterscheidungsfähigkeit und Sprachverständnis;5+;„Wahr oder Fantasie“-Spiel, Sachbuch vs. Märchen, Bildanalyse
Das Kind korrigiert sich selbst beim Erzählen.;Sprache und Kommunikation ;Sprachentwicklung;Selbstüberwachung;Förderung der Reflexion beim Sprechen;5+;Sprachaufnahme abhören, Erzähldetektiv, Geschichten verbessern
Das Kind fragt nach einem Wort, das es noch nicht kennt.;Sprache und Kommunikation ;Sprachentwicklung;Wortschatzerweiterung;Förderung von Neugier und sprachlichem Lernen;3+;Wort-Schatzkiste, neue Wörter sammeln, Bilder-Wörter-Bücher
Das Kind erzählt eine Geschichte mehrmals leicht verändert.;Sprache und Kommunikation ;Sprachentwicklung;Erzähltiefe;Förderung der Sprachflexibilität und Variation;4+;Geschichte in Varianten, Stimmeinsatz üben, Erzähl-Staffel
Das Kind liest erste Buchstaben aus dem eigenen Namen.;Sprache und Kommunikation ;Schriftsprache;Buchstabeninteresse;Förderung der phonologischen Bewusstheit und Schriftmotivation;4+;Namensschilder basteln, ABC-Lieder, Buchstabenspiel
Das Kind stellt seinem Kuscheltier eine Frage und antwortet selbst.;Sprache und Kommunikation ;Sprachentwicklung;Dialogfähigkeit;Förderung von Perspektivübernahme in Gesprächen;3+;Puppendialoge, Gespräch mit Handpuppen, Frage-Antwort-Spiele
Das Kind versucht Reime mit eigenen Namen zu bilden.;Sprache und Kommunikation ;Sprachentwicklung;Namensreime;Förderung der phonologischen Bewusstheit und Verspieltheit;3+;Namenslieder, Reim dich oder ich fress dich, Reimbasteln
Das Kind fragt nach dem Unterschied zwischen zwei ähnlichen Begriffen.;Sprache und Kommunikation ;Sprachentwicklung;Begriffsverständnis;Förderung semantischer Differenzierung;5+;Begriffsvergleiche, Synonym-Memory, Wortpaare-Box
Das Kind sagt, dass es ein Wort in der Geschichte nicht versteht.;Sprache und Kommunikation ;Sprachentwicklung;Verständnissicherung;Förderung von Rückfragen und Nachhaken;4+;„Was heißt das?“-Ritual, Wortsammlerwand, Nachfragetraining
Das Kind spielt mit Lauten und verändert Wörter absichtlich.;Sprache und Kommunikation ;Sprachentwicklung;Sprachspiel;Förderung von Sprachfreude und Lautbewusstsein;4+;Wortverdreher-Spiel, Silbenspiele, Quatschgeschichten
Das Kind liest mit anderen Kindern ein Bilderbuch „mit verteilten Rollen“.;Sprache und Kommunikation ;Sprachentwicklung;Rollengestaltung;Förderung der Ausdrucksstärke und sozialen Kommunikation;5+;Bilderbuchtheater, Vorleserunden, Kinderhörspiel aufnehmen
Das Kind versucht, ein schwieriges Wort langsam auszusprechen.;Sprache und Kommunikation ;Sprachentwicklung;Artikulation;Förderung der Lautbildung und Sprechmotivation;4+;Lautübungen, Sprechspiele mit schwierigen Wörtern, Sprech-Memory
Das Kind erzählt eine Geschichte mit Anfang, Mitte und Ende.;Sprache und Kommunikation ;Sprachentwicklung;Erzählstruktur;Förderung von narrativer Kompetenz und Sprachlogik;5+;Bildergeschichten ordnen, Erzählrunden, Geschichten-Malbuch
Das Kind nutzt Sprechpausen, um Aufmerksamkeit zu erzeugen.;Sprache und Kommunikation ;Sprachentwicklung;Sprechgestaltung;Förderung von Ausdrucksfähigkeit und Wirkung beim Sprechen;5+;Erzähltheater, Sprechtraining mit Mikrofon, Pause-Ampel
Das Kind kommentiert sein Spiel laut.;Sprache und Kommunikation ;Sprachentwicklung;Selbstbegleitetes Sprechen;Förderung von Sprachproduktion im Spielkontext;3+;Sprachspiele im Rollenspielbereich, Sprach-Ich-Erzähler, "Was mache ich gerade?"-Spiel
Das Kind erzählt eine Geschichte aus der Perspektive einer Figur.;Sprache und Kommunikation ;Sprachentwicklung;Perspektivübernahme;Förderung von Empathie und Rollenverständnis durch Sprache;5+;Rollenerzählungen, Figurentagebuch, Erzählkarten
Das Kind merkt an, wenn ein Wort falsch verwendet wird.;Sprache und Kommunikation ;Sprachentwicklung;Wortgebrauchskorrektur;Förderung von Sprachreflexion und Wortbewusstsein;4+;„Was stimmt nicht?“-Spiel, Wörterklinik, Sprachdetektiv
Das Kind nutzt Klanginstrumente zur Geräuschbeschreibung.;Sprache und Kommunikation ;Sprachentwicklung;Lautsymbolik;Förderung von Klangbewusstsein und sprachlichem Ausdruck;3+;Geräusche raten, Klanggeschichten, Instrumenten-Memory
Das Kind zählt rhythmisch im Spiel mit.;Sprache und Kommunikation ;Sprachentwicklung;Rhythmus und Sprache;Förderung der Sprachmelodie und Strukturwahrnehmung;3+;Kniereiter, Zählverse, Trommelrhythmen mit Sprache
Das Kind spricht in Reimen mit eigenen Ideen.;Sprache und Kommunikation ;Sprachentwicklung;Kreatives Reimen;Förderung der Sprachlust und Kreativität;4+;Reimgeschichten erfinden, Quatschsätze reimen, Reimketten sprechen
Das Kind stellt beim Vorlesen Fragen zum Inhalt.;Sprache und Kommunikation ;Sprachentwicklung;Textverständnis;Förderung des Leseverstehens und Zuhörens;5+;Bilderbuchgespräche, Vorlesefragen sammeln, Mitmachbücher
Das Kind benennt Gefühle in Geschichtenfiguren.;Sprache und Kommunikation ;Sprachentwicklung;Emotionale Sprache;Förderung der Empathiefähigkeit durch sprachliche Reflexion;4+;Gefühlsbilderbücher, Emotionskarten, Dialogszenen
Das Kind erzählt ein Erlebnis mit zeitlichen Übergängen.;Sprache und Kommunikation ;Sprachentwicklung;Temporale Struktur;Förderung des logischen Sprechens und Zeitgefühls;5+;Zeitkarten, Erzählbilder mit Uhrzeiten, Erlebnisstreifen
Das Kind benutzt verschiedene Satzanfänge.;Sprache und Kommunikation ;Sprachentwicklung;Satzvariation;Förderung von Ausdrucksvielfalt und Sprachflexibilität;5+;Satzanfangskarten, Erzählspiele mit Würfeln, Geschichtenwürfel
Das Kind spielt mit Sprache in Nonsensliedern.;Sprache und Kommunikation ;Sprachentwicklung;Sprachspielerei;Förderung der Sprechfreude und Lautbewusstheit;3+;Quatschlieder singen, Reim-Rap, Sprachakrobatik
Das Kind verwendet Fachbegriffe aus dem Sachgespräch.;Sprache und Kommunikation ;Sprachentwicklung;Fachsprache;Förderung von Sprachpräzision und Sachorientierung;5+;Thementische mit Begriffskarten, Expertenrunden, Sachtext-Vorlesen
Das Kind spricht leise, um andere nicht zu stören.;Sprache und Kommunikation ;Sprachentwicklung;Lautstärkenbewusstsein;Förderung von situationsangemessenem Sprechen;4+;Lautstärketraining, Flüsterrunden, Ampelkarten für Stimme
Das Kind bemerkt Klangähnlichkeiten zwischen Wörtern.;Sprache und Kommunikation ;Sprachentwicklung;Lautbewusstsein;Förderung von phonologischer Bewusstheit und Sprachstruktur;4+;Klangkarten, Lautkette sprechen, Silben klatschen
Das Kind erklärt, wie man ein Spiel spielt.;Sprache und Kommunikation ;Sprachentwicklung;Handlungsanleitung;Förderung der Struktur und Klarheit in Sprache;4+;Anleitungsplakate, Kind-als-Erklärer, Erklärfilm aufnehmen
Das Kind fragt: „Was heißt das?“ bei unbekannten Begriffen.;Sprache und Kommunikation ;Sprachentwicklung;Wortneugier;Förderung von Sprachneugier und aktiver Wortschatzerweiterung;3+;Wortschatz-Bilderbuch, „Neues-Wort-des-Tages“, Wortsammelspiel
Das Kind erkennt einen Reim in einem Lied wieder.;Sprache und Kommunikation ;Sprachentwicklung;Reimerkennung;Förderung von Sprachrhythmus und Klangverständnis;3+;Reimspiel „Klatsch den Reim“, Reimkartei, Liedstrophen sortieren
Das Kind benutzt Gestik zur Verdeutlichung.;Sprache und Kommunikation ;Sprachentwicklung;Gestikunterstützung;Förderung nonverbaler Kommunikationsmittel;3+;Sprachbegleitende Bewegung, Gebärdenlieder, Mimik-Gestik-Spiegelspiel
Das Kind berichtet von einem Gespräch mit den Eltern.;Sprache und Kommunikation ;Sprachentwicklung;Gesprächsnachstellung;Förderung der Erzählkompetenz und Erinnerung;4+;Nachspielgespräche, Familiendialog-Rollenspiel, Erzählschachtel
Das Kind interessiert sich für Buchstaben in seinem Umfeld.;Sprache und Kommunikation ;Schriftsprache;Alltagsdruckschrift;Förderung der Schriftmotivation;4+;Buchstabenjagd, Wörter im Raum suchen, Buchstabensuppe basteln
Das Kind macht selbst Laute und spielt mit Sprachklängen.;Sprache und Kommunikation ;Sprachentwicklung;Lautgestaltung;Förderung von Kreativität und sprachlicher Vielfalt;3+;Lautinstrumente, Sprach-Klanggeschichte, Wörter-Beat
Das Kind zeigt Interesse an anderen Sprachen.;Sprache und Kommunikation ;Sprachentwicklung;Mehrsprachigkeit;Förderung der Offenheit und Sprachvielfalt;4+;Sprachen-Wand, Begrüßungen in verschiedenen Sprachen, Muttersprachentage
Das Kind imitiert Sprachmelodien.;Sprache und Kommunikation ;Sprachentwicklung;Prosodie;Förderung der Sprachwahrnehmung und Ausdrucksfreude;3+;Melodien nachsprechen, Sprachmusikspiele, Gefühlssätze nachsprechen
Das Kind verwendet Konjunktionen, um Gedanken zu verbinden.;Sprache und Kommunikation ;Sprachentwicklung;Satzverknüpfung;Förderung von komplexem Ausdruck und logischem Sprechen;5+;Satzkettenspiel, Konjunktionskarten, „weil-und-aber“-Karten
Das Kind fragt gezielt nach Informationen.;Sprache und Kommunikation ;Sprachentwicklung;Informationsfrage;Förderung der Fragetechnik und Interesse;4+;Forscherfragen sammeln, Infoposter gestalten, Ich-will-was-wissen-Karten
Das Kind beginnt, eigene Bücher zu erzählen und zu gestalten.;Sprache und Kommunikation ;Schriftsprache;Eigene Texte;Förderung von Schreibmotivation und Ausdruck;5+;Buchbastelwerkstatt, Meine-Geschichte-Projekt, Mini-Bücher gestalten
Das Kind merkt, wenn es unterbrochen wird und wartet.;Sprache und Kommunikation ;Sprachentwicklung;Gesprächsregeln;Förderung der Zuhörkompetenz und Kommunikationsethik;4+;Sprechstein, Gesprächskreis mit Rollen, Stopp-Regel